"","Misc","SpeechBody","SpeechID","ParliamentaryRole","Speaker","SpeakerID","Date","id"
"11922","77
ΣΥΝΕΔΡΙΑΣΗ "," Κυρίες και κύριοι συνάδελφοι, αρχίζει η συνεδρίαση.
(",21594,"Chairman","ΠΡΟΕΔΡΕΥΩΝ",75,"2-10-2014",75
"11923","
(Σημείωση: Ο παρακάτω πίνακας περιεχομένων δεν αποτελεί το τελικό κείμενο, διότι εκκρεμούν ορθογραφικές και συντακτικές διορθώσεις)
ΠΙΝΑΚΑΣ ΠΕΡΙΕΧΟΜΕΝΩΝ
ΙΕ΄ ΠΕΡΙΟΔΟΣ 
ΠΡΟΕΔΡΕΥΟΜΕΝΗΣ ΚΟΙΝΟΒΟΥΛΕΥΤΙΚΗΣ ΔΗΜΟΚΡΑΤΙΑΣ
ΣΥΝΟΔΟΣ Β΄
ΤΜΗΜΑ ΔΙΑΚΟΠΗΣ ΕΡΓΑΣΙΩΝ ΒΟΥΛΗΣ
ΘΕΡΟΣ 2014
ΣΥΝΕΔΡΙΑΣΗ ΜΔ΄
Πέμπτη  2 Οκτωβρίου 2014
ΘΕΜΑΤΑ
 
Α. ΕΙΔΙΚΑ ΘΕΜΑΤΑ 
1. Επικύρωση Πρακτικών, σελ. 
2. Επί διαδικαστικού θέματος, σελ. 
 
Β. ΚΟΙΝΟΒΟΥΛΕΥΤΙΚΟΣ ΕΛΕΓΧΟΣ 
1. Κατάθεση αναφορών, σελ. 
2. Απαντήσεις Υπουργών σε ερωτήσεις Βουλευτών, σελ. 
3. Συζήτηση επίκαιρης ερώτησης, προς τον Υπουργό Παιδείας και Θρησκευμάτων, σχετικά με τη χορήγηση ισοτιμίας των πτυχίων των αποφοίτων των ανωτέρων δραματικών σχολών της ημεδαπής, ώστε να συνεχίσουν να εργάζονται στην εκπαίδευση, σελ. 

ΠΡΟΕΔΡΕΥΩΝ
ΔΡΙΒΕΛΕΓΚΑΣ Ι. , σελ.

ΟΜΙΛΗΤΕΣ

Α. Επί διαδικαστικού θέματος:
ΔΡΙΒΕΛΕΓΚΑΣ Ι. , σελ.

Β. Επί της επίκαιρης ερώτησης:
ΡΕΠΟΥΣΗ Μ. , σελ.
ΣΤΥΛΙΟΣ Γ. , σελ.

ΠΡΑΚΤΙΚΑ ΒΟΥΛΗΣ
ΙΕ΄ ΠΕΡΙΟΔΟΣ
ΠΡΟΕΔΡΕΥΟΜΕΝΗΣ ΚΟΙΝΟΒΟΥΛΕΥΤΙΚΗΣ ΔΗΜΟΚΡΑΤΙΑΣ
ΣΥΝΟΔΟΣ Β΄
ΤΜΗΜΑ ΔΙΑΚΟΠΗΣ ΕΡΓΑΣΙΩΝ ΤΗΣ ΒΟΥΛΗΣ
ΘΕΡΟΥΣ 2014
ΣΥΝΕΔΡΙΑΣΗ ΜΔ΄
Πέμπτη 2 Οκτωβρίου 2014
Αθήνα, σήμερα στις 2 Οκτωβρίου 2014, ημέρα Πέμπτη και ώρα 9.40΄ συνήλθε στην Αίθουσα των συνεδριάσεων του Βουλευτηρίου το Τμήμα Διακοπής Εργασιών της Βουλής (Γ΄ σύνθεση) για να συνεδριάσει υπό την προεδρία του Ε΄ Αντιπροέδρου αυτής κ. ΙΩΑΝΝΗ ΔΡΙΒΕΛΕΓΚΑ .
"," Σύμφωνα με την από 1-10-2014 εξουσιοδότηση του Τμήματος (Γ΄ σύνθεση) επικυρώθηκαν με ευθύνη του Προεδρείου τα Πρακτικά της ΜΓ΄ συνεδριάσεώς του, της Τετάρτης 1ης Οκτωβρίου 2014, σε ό,τι αφορά την ψήφιση στο σύνολο του σχεδίου νόμου του Υπουργείου Παιδείας και Θρησκευμάτων: «Οργάνωση της νομικής μορφής των θρησκευτικών κοινοτήτων και των ενώσεών τους στην Ελλάδα και άλλες διατάξεις αρμοδιότητας Γενικής Γραμματείας Θρησκευμάτων και λοιπές διατάξεις»)
Παρακαλείται ο κύριος Γραμματέας να ανακοινώσει τις αναφορές προς το Τμήμα.
(Ανακοινώνονται προς το Τμήμα από τον κ. Απόστολο Αλεξόπουλο, Βουλευτή Β΄ Αθηνών, τα ακόλουθα:
	Α. ΚΑΤΑΘΕΣΗ ΑΝΑΦΟΡΩΝ
Παιδείας και Θρησκευμάτων
1641) Ο Βουλευτής Κοζάνης κ. ΓΕΩΡΓΙΟΣ ΚΑΣΑΠΙΔΗΣ κατέθεσε αναφορά με την οποία  o κ. Αθανάσιος Κώτσικας αιτείται τη μετεγγραφή του υιού του, ο οποίος συμμετείχε στις πανελλήνιες 2014 με το ποσοστό του 10% ως απόφοιτος του 2012.
Υγείας
1642) Ο Βουλευτής Αχαΐας κ. ΝΙΚΟΛΑΟΣ ΝΙΚΟΛΟΠΟΥΛΟΣ κατέθεσε δημοσίευμα εφημερίδας το οποίο αφορά καταγγελίες για συγγενικό πρόσωπο πολιτικού, ο οποίος εργάζεται σε νοσηλευτήριο και εισπράττει ποσά χωρίς να δίνει αποδείξεις.
Ναυτιλίας και Αιγαίου
1643) Ο Βουλευτής Μαγνησίας κ. ΠΑΡΙΣΗΣ ΜΟΥΤΣΙΝΑΣ κατέθεσε αναφορά με την οποία  ο Δήμαρχος Ζαγοράς-Μουρεσίου του Νομού Μαγνησίας αιτείται τη συνέχιση της λειτουργίας του Λιμενικού Σταθμού του Αγίου Ιωάννη Πηλίου.
Παιδείας και Θρησκευμάτων
1644) Ο Βουλευτής Α΄ Πειραιώς κ. ΘΕΟΔΩΡΟΣ ΔΡΙΤΣΑΣ κατέθεσε αναφορά με την οποία  οι Σύλλογοι Γονέων και Κηδεμόνων Πρωτοβάθμιας και Δευτεροβάθμιας Εκπαίδευσης Κυθήρων αιτούνται άμεση λύση στο πρόβλημα της μεταφοράς των μαθητών στα σχολεία.
Αγροτικής Ανάπτυξης και Τροφίμων
1645) Ο Βουλευτής Αχαΐας κ. ΝΙΚΟΛΑΟΣ ΝΙΚΟΛΟΠΟΥΛΟΣ κατέθεσε δημοσίευμα εφημερίδας το οποίο αναφέρεται σε γυναίκα κτηνοτρόφο, η οποία, λόγω γραφειοκρατίας, κινδυνεύει να κλείσει την επιχείρησή της. 
Παιδείας και Θρησκευμάτων
1646) Ο Βουλευτής Α΄ Θεσσαλονίκης κ. ΑΝΑΣΤΑΣΙΟΣ ΚΟΥΡΑΚΗΣ κατέθεσε αναφορά με την οποία η Πανελλήνια Ομοσπονδία Βιοτεχνών-Εγκαταστατών-Συντηρητών Ανελκυστήρων και ο κ. Ανδρέας Γεωργόπουλος αιτούνται τη συνέχιση της ειδικότητας Τεχνικός Ανελκυστήρων στα δημόσια ΙΕΚ της χώρας.
Εσωτερικών
1647) Ο Βουλευτής Αχαΐας κ. ΝΙΚΟΛΑΟΣ ΝΙΚΟΛΟΠΟΥΛΟΣ κατέθεσε δημοσίευμα εφημερίδας το οποίο αναφέρεται σε αίτημα του Δημάρχου Πατρέων για άμεση κρατική επιχορήγηση, προκειμένου να δημιουργηθούν νέες υποδομές και να προσληφθεί εξειδικευμένο προσωπικό στην προσχολική αγωγή.
Δημόσιας Τάξης και Προστασίας του Πολίτη 
1648) Ο Βουλευτής Αχαΐας κ. ΝΙΚΟΛΑΟΣ ΝΙΚΟΛΟΠΟΥΛΟΣ κατέθεσε δημοσίευμα εφημερίδας το οποίο αφορά υποστράτηγο της ΕΛΑΣ που ελέγχεται από το ΣΔΟΕ για φοροδιαφυγή.
Οικονομικών 
1649) Ο Βουλευτής Καρδίτσης κ. ΝΙΚΟΛΑΟΣ ΜΙΧΑΛΑΚΗΣ κατέθεσε αναφορά με την οποία  ο Σύλλογος Αμβυκούχων-Αμπελουργών Νομού Καρδίτσας εκφράζει τη διαμαρτυρία του σχετικά με τα προβλήματα που ανέκυψαν με το κλείσιμο του τελωνείου Καρδίτσας και την έκδοση αδειών των μελών του συλλόγου και αιτείται για διευκόλυνσή τους τη διάθεση ενός υπαλλήλου από το τελωνείο Τρικάλων.
Παιδείας και Θρησκευμάτων
1650) Ο Βουλευτής Αχαΐας κ. ΝΙΚΟΛΑΟΣ ΝΙΚΟΛΟΠΟΥΛΟΣ κατέθεσε δημοσίευμα εφημερίδας το οποίο αναφέρεται στα κενά των εκπαιδευτικών που υπάρχουν στον Νομό Αχαΐας.
Περιβάλλοντος, Ενέργειας και Κλιματικής Αλλαγής 
1651) Ο Βουλευτής Αχαΐας κ. ΝΙΚΟΛΑΟΣ ΝΙΚΟΛΟΠΟΥΛΟΣ κατέθεσε δημοσίευμα εφημερίδας το οποίο αναφέρει την επένδυση της ΔΕΗ σε νέα μονάδα λιγνίτη και καταγγέλλει την άρνησή της να στραφεί στις ανανεώσιμες πηγές ενέργειας.
Υγείας
1652) Οι Βουλευτές Β΄ Πειραιώς κ. ΔΙΑΜΑΝΤΩ ΜΑΝΩΛΑΚΟΥ, Β΄ Θεσσαλονίκης κ. ΕΛΕΝΗ ΓΕΡΑΣΙΜΙΔΟΥ και Λαρίσης κ. ΓΕΩΡΓΙΟΣ ΛΑΜΠΡΟΥΛΗΣ κατέθεσαν αναφορά με την οποία  ο Σύλλογος Εργαζομένων του Γενικού Νοσοκομείου Σάμου  αιτείται τη δημιουργία ογκολογικού τμήματος στο Νοσοκομείο της Σάμου.
Ανάπτυξης και Ανταγωνιστικότητας, Περιβάλλοντος, Ενέργειας και Κλιματικής Αλλαγής 
1653) Η Βουλευτής Λακωνίας κ. ΦΕΒΡΩΝΙΑ ΠΑΤΡΙΑΝΑΚΟΥ κατέθεσε αναφορά με την οποία  το Περιφερειακό Τμήμα Πελοποννήσου του Τεχνικού Επιμελητηρίου Ελλάδας αιτείται  τη στήριξη των θέσεών του για το ζήτημα των επαγγελματικών δικαιωμάτων των διπλωματούχων μηχανικών και τη ρύθμιση του νομοθετικού πλαισίου  άσκησης του επαγγέλματος του μηχανικού.
Εργασίας, Κοινωνικής Ασφάλισης και Πρόνοιας
1654) Οι Βουλευτές Β΄ Αθηνών κ. ΔΗΜΗΤΡΙΟΣ ΣΤΡΑΤΟΥΛΗΣ και Ιωαννίνων κ. ΧΡΗΣΤΟΣ ΜΑΝΤΑΣ κατέθεσαν αναφορά με την οποία  οι είκοσι δύο (22) ωρομίσθιοι εκπαιδευτικοί του ΟΑΕΔ αιτούνται ισονομία και ίση μεταχείριση κατά τις διαδικασίες πρόσληψης στις σχολές μαθητείας του ΟΑΕΔ.
Δικαιοσύνης, Διαφάνειας και Ανθρωπίνων Δικαιωμάτων 
1655) Ο Βουλευτής Αχαΐας κ. ΝΙΚΟΛΑΟΣ ΝΙΚΟΛΟΠΟΥΛΟΣ κατέθεσε αναφορά με την οποία  ο κ. Ελευθέριος Στράγκας αιτείται την κατάργηση διάταξης νόμου, σύμφωνα με την οποία πρόσωπα που έχουν καταδικαστεί στο εξωτερικό για διάφορα αδικήματα εκδιώκονται εκ νέου εντός της ελληνικής επικράτειας.
Πολιτισμού και Αθλητισμού
1656) Η Βουλευτής Φθιώτιδας κ. ΕΛΕΝΗ ΜΑΚΡΗ ΘΕΟΔΩΡΟΥ κατέθεσε αναφορά με την οποία  ο Σύλλογος Παλαιών Αθλητών Κλασικού Αθλητισμού Νομού Φθιώτιδας αιτείται την ολοκλήρωση  των εργασιών του σταδίου κλασικού αθλητισμού, στη θέση Καμαρίτσα  στη Λαμία.
Υποδομών, Μεταφορών και Δικτύων
1657) Ο Βουλευτής Αχαΐας κ. ΝΙΚΟΛΑΟΣ ΝΙΚΟΛΟΠΟΥΛΟΣ κατέθεσε αναφορά με την οποία  ο Δήμαρχος Δυτικής Αχαΐας αιτείται την επανέναρξη των εργασιών της Ολυμπίας Οδού στο τμήμα Πάτρα - Πύργος και παραθέτει τις προτάσεις του για τον σχεδιασμό του συγκεκριμένου οδικού άξονα.
Δημόσιας Τάξης και Προστασίας του Πολίτη 
1658) Η Βουλευτής Σερρών κ. ΑΦΡΟΔΙΤΗ ΣΤΑΜΠΟΥΛΗ κατέθεσε αναφορά με την οποία  η Ένωση Αστυνομικών Υπαλλήλων Σερρών καταγράφει τις ανάγκες που έχουν προκύψει και αιτείται την άμεση λήψη μέτρων για να καταστεί δυνατή η απρόσκοπτη εκτέλεση των αστυνομικών καθηκόντων στην περιοχή.
Εσωτερικών
1659) Ο Βουλευτής Αχαΐας κ. ΝΙΚΟΛΑΟΣ ΝΙΚΟΛΟΠΟΥΛΟΣ κατέθεσε αναφορά με την οποία  το Δημοτικό Συμβούλιο Περιστερίου προτείνει να αναληφθεί νομοθετική πρωτοβουλία για την παραμονή στους ΟΤΑ δημοτικών αστυνομικών, οι οποίοι δεν έχουν μεταταχθεί σε άλλους φορείς.
Οικονομικών, Επικρατείας
1660) Ο Βουλευτής Αχαΐας κ. ΝΙΚΟΛΑΟΣ ΝΙΚΟΛΟΠΟΥΛΟΣ κατέθεσε αναφορά με την οποία  η Πανελλήνια Ομοσπονδία Πρατηριούχων Εμπόρων Καυσίμων  εκφράζει τη δυσαρέσκειά της σχετικά με τη μικρή  μείωση της λιανικής τιμής του πετρελαίου θέρμανσης και αιτείται την εφαρμογή άμεσων μέτρων με στόχο την ανακούφιση των ελληνικών οικογενειών.
Πολιτισμού και Αθλητισμού
1661) Ο Βουλευτής Μεσσηνίας κ. ΑΘΑΝΑΣΙΟΣ ΠΕΤΡΑΚΟΣ κατέθεσε αναφορά με την οποία  η Απεργιακή Επιτροπή Σωματείου Εργαζομένων του ΥΠΠΟΑ, στον Νομό Λακωνίας αιτείται την άμεση απόσυρση του νέου οργανογράμματος του ΥΠΠΟΑ που αποδυναμώνει ακόμα περισσότερο την Αρχαιολογική Υπηρεσία  και την κατάργηση των νέων κριτηρίων για την πρόσληψη αρχαιολόγων. 
Οικονομικών, Εθνικής Άμυνας
1662) Ο Βουλευτής Αχαΐας κ. ΝΙΚΟΛΑΟΣ ΝΙΚΟΛΟΠΟΥΛΟΣ κατέθεσε αναφορά με την οποία  η Πανελλήνια Ομοσπονδία Ενώσεων Στρατιωτικών  εκφράζει τη διαμαρτυρία της για τη μη συμμόρφωση της υπ΄ αριθμόν 2193/2014 απόφασης του Συμβουλίου της Επικρατείας, που αφορά τα μισθολογικά των στρατιωτικών.
Οικονομικών 
1663) Ο Βουλευτής Αχαΐας κ. ΝΙΚΟΛΑΟΣ ΝΙΚΟΛΟΠΟΥΛΟΣ κατέθεσε αναφορά με την οποία  η Συνομοσπονδία Επιχειρηματιών Ενοικιαζομένων Δωματίων και Διαμερισμάτων Ελλάδος αιτείται την τροποποίηση του νόμου για τον ΕΝΦΙΑ, ώστε να μην υπάρχει άνιση φορολόγηση επιχειρήσεων του ίδιου κλάδου που ασχολούνται με την τουριστική διαμονή.
Εργασίας, Κοινωνικής Ασφάλισης και Πρόνοιας
1664) Ο Βουλευτής Β΄ Αθηνών κ. ΔΗΜΗΤΡΙΟΣ ΣΤΡΑΤΟΥΛΗΣ κατέθεσε αναφορά με την οποία  οι Σύλλογοι Υπαλλήλων Βιβλίου Χάρτου Αττικής και Εργαζομένων στα Φροντιστήρια Καθηγητών, το Πανελλήνιο Σωματείο Εργαζομένων «ΤΙΜ» («W») και το Σωματείο Μισθωτών Τεχνικών  καταγγέλλουν την παρουσία ισχυρών οπλισμένων αστυνομικών δυνάμεων στην είσοδο του κτηρίου της Διεύθυνσης Κοινωνικής Επιθεώρησης Αθηνών και στο τμήμα Κοινωνικής Επιθεώρησης Ανατολικού τομέα Αθηνών.
Ναυτιλίας και Αιγαίου, Δημόσιας Τάξης και Προστασίας του Πολίτη 
1665) Ο Βουλευτής Αχαΐας κ. ΝΙΚΟΛΑΟΣ ΝΙΚΟΛΟΠΟΥΛΟΣ κατέθεσε δημοσίευμα εφημερίδας το οποίο αναφέρεται στην έλλειψη ναυαγοσωστών με ευθύνη του δήμου στην περιοχή της δυτικής Αχαΐας. 
Εξωτερικών, Επικρατείας
1666) Ο Βουλευτής Αχαΐας κ. ΝΙΚΟΛΑΟΣ ΝΙΚΟΛΟΠΟΥΛΟΣ κατέθεσε αναφορά με την οποία  η Πανελλήνια Ένωση Ποντίων Επιστημόνων Πρώην Σοβιετικής Ένωσης  αιτείται την ανάγκη  βελτίωσης των σχέσεων της Ελλάδας με τη Ρωσία προκειμένου να δημιουργηθούν προϋποθέσεις για την ανάκληση του εμπάργκο στα προϊόντα της χώρας μας. 
Παιδείας και Θρησκευμάτων
1667) Ο Βουλευτής Αχαΐας κ. ΝΙΚΟΛΑΟΣ ΝΙΚΟΛΟΠΟΥΛΟΣ κατέθεσε αναφορά με την οποία  ο κ. Δημήτρης Παπαγεωργίου παραθέτει επιστολή πανεπιστημιακών καθηγητών που τάσσονται υπέρ της Χημείας και αιτείται να γίνει υποχρεωτικό και όχι επιλογής στα εξεταζόμενα μαθήματα της Γ΄ Λυκείου.
Επικρατείας, Εργασίας, Κοινωνικής Ασφάλισης και Πρόνοιας
1668) Ο Βουλευτής Αχαΐας κ. ΝΙΚΟΛΑΟΣ ΝΙΚΟΛΟΠΟΥΛΟΣ κατέθεσε αναφορά με την οποία  η Πανελλήνια Ομοσπονδία Ταξί και Αγοραίων εκφράζει τη δυσαρέσκειά της για την τρέχουσα οικονομική πολιτική που εφαρμόζεται  και αιτείται τη λήψη  άμεσων μέτρων προς ανακούφιση των εργαζομένων. 
Οικονομικών 
1669) Ο Βουλευτής Αχαΐας κ. ΝΙΚΟΛΑΟΣ ΝΙΚΟΛΟΠΟΥΛΟΣ κατέθεσε αναφορά με την οποία  η Ανώτατη Γενική Συνομοσπονδία Συνταξιούχων Ελλάδος εκφράζει τη δυσαρέσκειά της για τις εξαγγελίες του πρωθυπουργού στη ΔΕΘ και παραθέτει τις θέσεις της για φορολογικές ελαφρύνσεις.
Παιδείας και Θρησκευμάτων
1670) Ο Βουλευτής Αχαΐας κ. ΝΙΚΟΛΑΟΣ ΝΙΚΟΛΟΠΟΥΛΟΣ κατέθεσε αναφορά με την οποία  η κ. Παναγιώτα Δημακοπούλου αιτείται την επέκταση του δικαιώματος μετεγγραφής των φοιτητών.
Οικονομικών 
1671) Ο Βουλευτής Αχαΐας κ. ΝΙΚΟΛΑΟΣ ΝΙΚΟΛΟΠΟΥΛΟΣ κατέθεσε αναφορά με την οποία  ο κ. Ιωάννης Κώτσης εκφράζει τη διαμαρτυρία του για την οικονομική πολιτική και ζητά μείωση των φορολογικών επιβαρύνσεων.
Εργασίας, Κοινωνικής Ασφάλισης και Πρόνοιας
1672) Ο Βουλευτής Αχαΐας κ. ΝΙΚΟΛΑΟΣ ΝΙΚΟΛΟΠΟΥΛΟΣ κατέθεσε αναφορά με την οποία  η κ. Ελένη Κωνσταντάκη αιτείται την ίση αντιμετώπιση στο θέμα της χορήγησης εφάπαξ όλων των δημοσίων υπαλλήλων που αποχώρησαν το έτος 2013.
Οικονομικών, Εθνικής Άμυνας
1673) Ο Βουλευτής Αχαΐας κ. ΝΙΚΟΛΑΟΣ ΝΙΚΟΛΟΠΟΥΛΟΣ κατέθεσε αναφορά με την οποία  οι Πανελλήνιες Ομοσπονδίες και Ενώσεις Αστυνομικών Υπαλλήλων, Αξιωματικών Ελληνικής Αστυνομίας, Υπαλλήλων και Αξιωματικών Πυροσβεστικού και Λιμενικού Σώματος εκφράζουν τη διαμαρτυρία τους για την απαξίωση και αποδυνάμωση όλων των Σωμάτων και Υπηρεσιών τους και αιτούνται την ικανοποίηση των  αιτημάτων τους. 
Ανάπτυξης και Ανταγωνιστικότητα, Οικονομικών 
1674) Ο Βουλευτής Αχαΐας κ. ΝΙΚΟΛΑΟΣ ΝΙΚΟΛΟΠΟΥΛΟΣ κατέθεσε αναφορά με την οποία  το Επαγγελματικό Επιμελητήριο Αθηνών επιδοκιμάζει την απόφαση του Συμβουλίου της Επικρατείας για την αναστολή της υπουργικής απόφασης που αφορά τη λειτουργία των καταστημάτων τις Κυριακές και αιτείται την οριστική κατάργησή της.
Υγείας
1675) Ο Βουλευτής Αχαΐας κ. ΝΙΚΟΛΑΟΣ ΝΙΚΟΛΟΠΟΥΛΟΣ κατέθεσε αναφορά με την οποία  ο Σύλλογος Πρόληψης και Βοήθειας Παιδιών Μεσογειακής Αναιμίας εκφράζει τη διαμαρτυρία του για τις περικοπές  που προωθούνται  και τη διακοπή παροχής αναλώσιμου υγειονομικού υλικού στους πάσχοντες από θαλασσαιμία.
Παιδείας και Θρησκευμάτων
1676) Ο Βουλευτής Αχαΐας κ. ΝΙΚΟΛΑΟΣ ΝΙΚΟΛΟΠΟΥΛΟΣ κατέθεσε αναφορά με την οποία  η Ομοσπονδία Λειτουργών Τεχνικής Επαγγελματικής Εκπαίδευσης αιτείται την παράταση της λειτουργίας των δημοσίων ΕΠΑΣ, την αναστολή των ΣΕΚ του ν. 4186/2013 και τη διατήρηση των διευθυντών και υποδιευθυντών των ΕΠΑΣ.
Δικαιοσύνης, Διαφάνειας και Ανθρωπίνων Δικαιωμάτων 
1677) Ο Βουλευτής Αχαΐας κ. ΝΙΚΟΛΑΟΣ ΝΙΚΟΛΟΠΟΥΛΟΣ κατέθεσε αναφορά με την οποία  ο κ. Σπύρος Σπίγγος αιτείται τη διατήρηση των θέσεων των εδρών των καταργούμενων ειρηνοδικείων και τη θέσπιση της τοπικής αρμοδιότητας των συμβολαιογράφων σε όλη την περιφέρεια δικαιοδοσίας του ενιαίου ειρηνοδικείου.
Εξωτερικών
1678) Ο Βουλευτής Αχαΐας κ. ΝΙΚΟΛΑΟΣ ΝΙΚΟΛΟΠΟΥΛΟΣ κατέθεσε αναφορά με την οποία  η Επιτροπή Κομμάτων Κουρδιστάν Αθήνας εκφράζει τη διαμαρτυρία της για τον αυθαίρετο τρόπο που το ισλαμικό κράτος διασχίζει ανενόχλητο τα διεθνή σύνορα μεταξύ Συρίας και Ιράκ και καλεί όλα τα κράτη να σταθούν δίπλα στο λαό του Κόμπανι.
Επικρατείας, Οικονομικών, Δικαιοσύνης, Διαφάνειας και Ανθρωπίνων Δικαιωμάτων 
1679) Ο Βουλευτής Αχαΐας κ. ΝΙΚΟΛΑΟΣ ΝΙΚΟΛΟΠΟΥΛΟΣ κατέθεσε δημοσίευμα εφημερίδας το οποίο αναφέρεται σε καταγγελία που αφορά ανώτερο στέλεχος της Τράπεζας της Ελλάδος.
Παιδείας και Θρησκευμάτων
1680) Ο Βουλευτής Αχαΐας κ. ΝΙΚΟΛΑΟΣ ΝΙΚΟΛΟΠΟΥΛΟΣ κατέθεσε αναφορά με την οποία  η Κίνηση Πανεπιστημιακής Αναβάθμισης  παραθέτει τις προτάσεις της, προκειμένου να επέλθει βελτίωση της τριτοβάθμιας εκπαίδευσης. 
Παιδείας και Θρησκευμάτων
1681) Ο Βουλευτής Αχαΐας κ. ΝΙΚΟΛΑΟΣ ΝΙΚΟΛΟΠΟΥΛΟΣ κατέθεσε αναφορά με την οποία  ο κ. Μάρκος Νικολόπουλος διαμαρτύρεται για τον νέο προτεινόμενο νόμο ειδικής εκπαίδευσης, ο οποίος παραβιάζει θεμελιώδη ανθρώπινα και συνταγματικά δικαιώματα των παιδιών με αναπηρίες του αυτιστικού φάσματος.
Εργασίας, Κοινωνικής Ασφάλισης και Πρόνοιας
1682) Οι Βουλευτές Β΄ Αθηνών κ. ΧΡΗΣΤΟΣ ΚΑΤΣΩΤΗΣ, Α΄ Θεσσαλονίκης κ. ΘΕΟΔΟΣΙΟΣ ΚΩΝΣΤΑΝΤΙΝΙΔΗΣ και Β΄ Θεσσαλονίκης κ. ΕΛΕΝΗ ΓΕΡΑΣΙΜΙΔΟΥ κατέθεσαν αναφορά με την οποία  η Πανελλαδική Ομοσπονδία Εργατοϋπαλλήλων Εμφιαλωμένων Ποτών αιτείται την επαναλειτουργία του εργοστασίου της «COCA-COLA» στη Θεσσαλονίκη.
Παιδείας και Θρησκευμάτων
1683) Ο Βουλευτής Αχαΐας κ. ΝΙΚΟΛΑΟΣ ΝΙΚΟΛΟΠΟΥΛΟΣ κατέθεσε αναφορά με την οποία  η κ. Ολυμπία Σαραφοπούλου διαμαρτύρεται για τον νέο προτεινόμενο νόμο ειδικής εκπαίδευσης, ο οποίος παραβιάζει θεμελιώδη ανθρώπινα και συνταγματικά δικαιώματα των παιδιών με αναπηρίες του αυτιστικού φάσματος.
Παιδείας και Θρησκευμάτων
1684) Ο Βουλευτής Αχαΐας κ. ΝΙΚΟΛΑΟΣ ΝΙΚΟΛΟΠΟΥΛΟΣ κατέθεσε αναφορά με την οποία  η κ. Νικολέτα Μυρίδου διαμαρτύρεται για τον νέο προτεινόμενο νόμο ειδικής εκπαίδευσης, ο οποίος παραβιάζει θεμελιώδη ανθρώπινα και συνταγματικά δικαιώματα των παιδιών με αναπηρίες του αυτιστικού φάσματος.
Ανάπτυξης και Ανταγωνιστικότητας, Οικονομικών, Εργασίας, Κοινωνικής Ασφάλισης και Πρόνοιας
1685) Ο Βουλευτής Αχαΐας κ. ΝΙΚΟΛΑΟΣ ΝΙΚΟΛΟΠΟΥΛΟΣ κατέθεσε αναφορά με την οποία  οι Ομοσπονδίες Βιοτεχνών Επαγγελματιών και Υδραυλικών Ελλάδας  αιτείται τη λήψη μέτρων σχετικά με ασφαλιστικά, φορολογικά και εργασιακά θέματα. 
Δημόσιας Τάξης και Προστασίας του Πολίτη 
1686) Οι Βουλευτές Α΄ Θεσσαλονίκης κ. ΘΕΟΔΟΣΙΟΣ ΚΩΝΣΤΑΝΤΙΝΙΔΗΣ και Β΄ Θεσσαλονίκης κ. ΕΛΕΝΗ ΓΕΡΑΣΙΜΙΔΟΥ κατέθεσαν αναφορά με την οποία  το Σωματείο Πυροσβεστών και Συμβασιούχων Πενταετούς Υποχρέωσης Ανατολικής Μακεδονίας και Θράκης αιτείται την ένταξη των εποχικών πυροσβεστών του 2009 στον πίνακα επιτυχόντων - επιλαχόντων της προκήρυξης του Αρχηγού του Πυροσβεστικού Σώματος για την πρόσληψη τεσσάρων χιλιάδων πυροσβεστών πενταετούς υποχρέωσης.
Παιδείας και Θρησκευμάτων
1687) Ο Βουλευτής Μαγνησίας κ. ΠΑΡΙΣΗΣ ΜΟΥΤΣΙΝΑΣ κατέθεσε αναφορά με την οποία  η Ένωση Εκπαιδευτικών της Ελληνικής ως Δεύτερης-Ξένης Γλώσσας αιτείται τη συνέχιση του προγράμματος της εκπαίδευσης των παλιννοστούντων και αλλοδαπών μαθητών με το πρόγραμμα «ΔΙΑΠΟΛΙΣ» που υλοποιείται από το Αριστοτέλειο Πανεπιστήμιο Θεσσαλονίκης και συγχρηματοδοτείται από ευρωπαϊκούς και εθνικούς πόρους.
Παιδείας και Θρησκευμάτων
1688) Ο Βουλευτής Μαγνησίας κ. ΠΑΡΙΣΗΣ ΜΟΥΤΣΙΝΑΣ κατέθεσε δημοσίευμα εφημερίδας το οποίο αναφέρεται στην καθυστέρηση λειτουργίας του «Παρατηρητηρίου» για την Πρόληψη της Σχολικής Βίας και του Εκφοβισμού στη Θεσσαλία.
Ανάπτυξης και Ανταγωνιστικότητας
1689) Ο Βουλευτής Δράμας κ. ΔΗΜΗΤΡΙΟΣ ΚΥΡΙΑΖΙΔΗΣ κατέθεσε αναφορά με την οποία  ο Δήμαρχος Κάτω Νευροκοπίου του Νομού Δράμας εκφράζει τη διαμαρτυρία του για τον περιορισμό που τέθηκε στο υπαίθριο πλανόδιο εμπόριο πατάτας, με αποτέλεσμα να δημιουργηθούν τεράστια προβλήματα στους πατατοκαλλιεργητές του ακριτικού αυτού δήμου.
Υγείας
1690) Ο Βουλευτής Κοζάνης κ. ΓΕΩΡΓΙΟΣ ΚΑΣΑΠΙΔΗΣ κατέθεσε αναφορά με την οποία  ο Αντιδήμαρχος Δημοτικής Ενότητας Ελλησπόντου  του Δήμου Κοζάνης εκφράζει τη διαμαρτυρία του για την έλλειψη αγροτικού ιατρού στην εν λόγω δημοτική κοινότητα.
Παιδείας και Θρησκευμάτων
1691) Ο Βουλευτής Β΄ Αθηνών κ. ΑΠΟΣΤΟΛΟΣ ΚΑΚΛΑΜΑΝΗΣ κατέθεσε αναφορά με την οποία  η Ένωση Ελλήνων Χημικών καταγγέλλει συγκεκριμένες μεθοδεύσεις συντεχνιακών συμφερόντων και αιτείται την έναρξη ουσιαστικού διαλόγου, προκειμένου να παρουσιάσει τις προτάσεις και τις ενστάσεις της. 
Παιδείας και Θρησκευμάτων
1692) Ο Βουλευτής Λέσβου κ. ΠΑΥΛΟΣ ΒΟΓΙΑΤΖΗΣ κατέθεσε αναφορά με την οποία  ο Δήμαρχος Λέσβου εκφράζει την αντίθεσή του σε οποιαδήποτε υποβάθμιση της εκπαιδευτικής διαδικασίας, όπως τη μείωση των οργανικών και λειτουργικών θέσεων των εκπαιδευτικών, στα δυσπρόσιτα σχολεία της Λέσβου και ειδικότερα του Δημοτικού Σχολείου της Στύψης.
Αγροτικής Ανάπτυξης και Τροφίμων, Περιβάλλοντος, Ενέργειας και Κλιματικής Αλλαγής 
1693) Ο Βουλευτής Δράμας κ. ΔΗΜΗΤΡΙΟΣ ΚΥΡΙΑΖΙΔΗΣ κατέθεσε αναφορά με την οποία  ο Αντιπεριφερειάρχης Δράμας και οι Δήμαρχοι Δράμας, Κάτω Νευροκοπίου, Δοξάτου, Προσοτσάνης και Παρανεστίου επισημαίνουν το σοβαρότατο  για τους κτηνοτρόφους του νομού ζήτημα, της χρήσης και διαχείρισης των βοσκοτόπων.
Δικαιοσύνης, Διαφάνειας και Ανθρωπίνων Δικαιωμάτων 
1694) Ο Βουλευτής Χανίων κ. ΧΡΗΣΤΟΣ ΜΑΡΚΟΓΙΑΝΝΑΚΗΣ κατέθεσε αναφορά με την οποία  η Ένωση Υπαλλήλων Εξωτερικής Φρουράς Καταστημάτων Κράτησης του Νομού Χανίων  αιτείται την κατασκευή εξωτερικής περίφραξης στο νέο κατάστημα κράτησης «Κρήτη 1» στην Αγιά Χανίων, έτσι ώστε να εξασφαλιστεί η προστασία της δημόσιας και ιδιωτικής περιουσίας της περιοχής. 
Αγροτικής Ανάπτυξης και Τροφίμων, Υγείας
1695) Η Βουλευτής Καστοριάς κ. ΜΑΡΙΑ ΑΝΤΩΝΙΟΥ κατέθεσε αναφορά με την οποία  ο 1ος Κυνηγετικός Σύλλογος Καστοριάς επισημαίνει σημαντικά προβλήματα που αντιμετωπίζουν τα μέλη του, σχετικά με το αντιλυσσικό εμβόλιο και τις βεβαιώσεις υγείας για την ανανέωση των αδειών κατοχής των κυνηγετικών όπλων.
Παιδείας και Θρησκευμάτων
1696) Η Βουλευτής Β΄ Θεσσαλονίκης κ. ΣΤΑΥΡΟΥΛΑ ΞΟΥΛΙΔΟΥ κατέθεσε αναφορά με την οποία το μαθηματικό φόρουμ mathematica.gr διαμαρτύρεται για την εγκύκλιο που αναθέτει τη διδασκαλία των Μαθηματικών στο Γυμνάσιο σε καθηγητές Πληροφορικής, υποβαθμίζοντας την αξία του πτυχίου των Μαθηματικών.
Δημόσιας Τάξης και Προστασίας του Πολίτη 
1697) Ο Βουλευτής Κοζάνης κ. ΓΕΩΡΓΙΟΣ ΚΑΣΑΠΙΔΗΣ κατέθεσε αναφορά με την οποία o Δήμαρχος Βοΐου αιτείται τη διατήρηση των αστυνομικών τμημάτων Σιάτιστας και Νεάπολης Δήμου Βοϊου, κατά την επικείμενη αναδιοργάνωση των υπηρεσιών της ΕΛΑΣ.
Οικονομικών 
1698) Ο Βουλευτής Καρδίτσης κ. ΝΙΚΟΛΑΟΣ ΜΙΧΑΛΑΚΗΣ κατέθεσε αναφορά με την οποία  το Επιμελητήριο Καρδίτσας αιτείται την άμεση διόρθωση του ΕΝΦΙΑ και την εξ΄ ολοκλήρου απαλλαγή των βιοτεχνικών επιχειρήσεων από την υποχρέωση της καταβολής του. 
Εσωτερικών
1699) Ο Βουλευτής Α΄ Θεσσαλονίκης κ. ΘΕΟΔΟΣΙΟΣ ΚΩΝΣΤΑΝΤΙΝΙΔΗΣ κατέθεσε αναφορά με την οποία οι εκπαιδευτές υποψηφίων οδηγών Θεσσαλονίκης εκφράζουν τη διαμαρτυρία τους για την ανομοιογένεια της εφαρμογής του διατάγματος περί δοκιμασιών συμπεριφοράς και προσόντων για την απόκτηση της άδειας οδηγήσεως των υποψηφίων οδηγών όλων των κατηγοριών στην ευρύτερη διοικητική διαίρεση της ΠΚΜ.
Ναυτιλίας και Αιγαίου
1700) Η Βουλευτής Σάμου κ. ΑΓΝΗ ΚΑΛΟΓΕΡΗ κατέθεσε αναφορά με την οποία  η Ένωση Προσωπικού Λιμενικού Σώματος Χίου - Σάμου - Ικαρίας  εκφράζει τον προβληματισμό της για την έξαρση του φαινομένου της παράνομης μετανάστευσης και επισημαίνει την ακαταλληλότητα των  διαθέσιμων χώρων φύλαξης των μεταναστών και των συνθηκών εργασίας των λιμενικών υπαλλήλων.
Εσωτερικών, Δημόσιας Τάξης και Προστασίας του Πολίτη, Διοικητικής Μεταρρύθμισης και Ηλεκτρονικής Διακυβέρνησης
1701) Ο Βουλευτής Δωδεκανήσου κ. ΔΗΜΗΤΡΙΟΣ ΓΑΚΗΣ κατέθεσε αναφορά με την οποία  ο σύλλογος υπαλλήλων του  Δήμου Ρόδου αιτείται την κατάθεση τροπολογίας στη Βουλή για επανασύσταση έντεκα θέσεων κλάδου ΔΕ με διοικητικά καθήκοντα στην Δημοτική Αστυνομία  του Δήμου Ρόδου που έχουν τεθεί σε διαθεσιμότητα.
Υγείας
1702) Η Βουλευτής Άρτης κ. ΟΛΓΑ ΓΕΡΟΒΑΣΙΛΗ κατέθεσε αναφορά με την οποία  η κ. Σπυριδούλα Μάρκου αιτείται την παροχή αντιγράφου απορριπτικής απόφασης για τη χορήγηση προσωρινής αναπηρικής σύνταξης.
Εργασίας, Κοινωνικής Ασφάλισης και Πρόνοιας
1703) Ο Βουλευτής Α΄ Θεσσαλονίκης κ. ΓΑΒΡΙΗΛ ΑΒΡΑΜΙΔΗΣ κατέθεσε αναφορά με την οποία  οι υπάλληλοι του καταργηθέντος φορέα πρόνοιας ΕΟΚΦ - ΠΙΚΠΑ ΝΠΔΔ αιτούνται την επίλυση θέματος που αφορά τον τρόπο υπολογισμού του εφάπαξ που τους αναλογεί μετά την κατάργηση του φορέα τους.
Οικονομικών 
1704) Οι Βουλευτές Ηρακλείου κ.κ. ΜΙΧΑΗΛ ΚΡΙΤΣΩΤΑΚΗΣ και ΜΑΡΙΑ ΔΙΑΚΑΚΗ κατέθεσαν αναφορά με την οποία  το Επιμελητήριο, η Ομοσπονδία Επαγγελματιών, Βιοτεχνών και Εμπόρων και ο Εμπορικός Σύλλογος του Νομού Ηρακλείου καταθέτουν τις προτάσεις τους σχετικά με την αξιοποίηση της δημόσιας περιουσίας από το ΤΑΙΠΕΔ στην περιοχή Ηρακλείου.
Πολιτισμού και Αθλητισμού
1705) Η Βουλευτής Φθιώτιδας κ. ΕΛΕΝΗ ΜΑΚΡΗ ΘΕΟΔΩΡΟΥ κατέθεσε αναφορά με την οποία  ο Σύλλογος Εκτάκτων Αρχαιολόγων αιτείται την άρση του άρθρου που ορίζει το μεταπτυχιακό ως απαραίτητο προσόν διορισμού στο δημόσιο, καθώς επίσης τη διασφάλιση της συνταγματικής ασυλίας του βασικού τίτλου σπουδών στον κλάδο «ΠΕ Αρχαιολόγοι».
Παιδείας και Θρησκευμάτων
1706) Ο Βουλευτής Ηρακλείου κ. ΜΙΧΑΗΛ ΚΡΙΤΣΩΤΑΚΗΣ κατέθεσε αναφορά με την οποία  ο Σύλλογος Τριτέκνων του Νομού Ηρακλείου  εκφράζει τη δυσαρέσκεια του για την εξαίρεση από τις μετεγγραφές των εισαχθέντων με το 10%.
Εξωτερικών, Πολιτισμού και Αθλητισμού
1707) Ο Βουλευτής Κοζάνης κ. ΓΕΩΡΓΙΟΣ ΚΑΣΑΠΙΔΗΣ κατέθεσε δημοσίευμα εφημερίδας, το οποίο αναφέρεται στη βεβήλωση των χριστιανικών μνημείων από τα τούρκικα τηλεοπτικά συνεργεία για τις ανάγκες γυρισμάτων της τούρκικης τηλεόρασης.
Υγείας
1708) Η Βουλευτής Μαγνησίας κ. ΜΑΡΙΝΑ ΧΡΥΣΟΒΕΛΩΝΗ κατέθεσε αναφορά με την οποία  ο Σύλλογος Νεφροπαθών του Νομού Μαγνησίας ¨Οι Άγιοι Ανάργυροι¨ επισημαίνουν την έλλειψη ιατρικού προσωπικού ειδικότητας νεφρολόγου και την απουσία μηχανημάτων σύγχρονης τεχνολογίας σε νοσοκομεία της 5ης Υγειονομικής Περιφέρειας Θεσσαλίας και Στερεάς Ελλάδας.
Διοικητικής Μεταρρύθμισης και Ηλεκτρονικής Διακυβέρνησης
1709) Η Βουλευτής Φθιώτιδας κ. ΕΛΕΝΗ ΜΑΚΡΗ ΘΕΟΔΩΡΟΥ κατέθεσε αναφορά με την οποία  η κ. Ελένη Κοτρώνη καλεί τις αρμόδιες αρχές να μεριμνήσουν για το ζήτημα του διορισμού της, το οποίο εκκρεμεί για μεγάλο χρονικό διάστημα.
Οικονομικών 
1710) Ο Βουλευτής Καρδίτσης κ. ΣΠΥΡΙΔΩΝ ΤΑΛΙΑΔΟΥΡΟΣ κατέθεσε αναφορά με την οποία  το Επιμελητήριο Καρδίτσας αιτείται την απαλλαγή των βιοτεχνιών από την υποχρέωση καταβολής του ΕΝΦΙΑ.
Εργασίας, Κοινωνικής Ασφάλισης και Πρόνοιας, Εσωτερικών, Οικονομικών 
1711) Οι Βουλευτές Νομού Αττικής κύριοι ΑΘΑΝΑΣΙΟΣ ΑΘΑΝΑΣΙΟΥ και ΑΛΕΞΙΟΣ ΜΗΤΡΟΠΟΥΛΟΣ κατέθεσαν αναφορά με την οποία  ο κ. Κωνσταντίνος Βαβουλάς  εκφράζει τη διαμαρτυρία του για το χρόνιο πρόβλημα ιδιοκτησίας των πλημμυροπαθών-σεισμοπαθών του Δήμου Άνω Λιοσίων και αιτείται την παραχώρηση της κυριότητας των κατοικιών αυτών. 
Ναυτιλίας και Αιγαίου
1712) Η Βουλευτής Μαγνησίας κ. ΖΕΤΤΑ ΜΑΚΡΗ κατέθεσε αναφορά με την οποία  o Δήμαρχος Ζαγοράς-Μουρεσίου Νομού Μαγνησίας αιτείται τη συνέχιση της λειτουργίας του Λιμενικού Σταθμού Αγίου Ιωάννη Πηλίου, καθώς αυτό θα συμβάλλει στην παροχή αναβαθμισμένων υπηρεσιών για τους κατοίκους και τους τουρίστες της περιοχής.
Ανάπτυξης και Ανταγωνιστικότητας, Υποδομών, Μεταφορών και Δικτύων
1713) Ο Βουλευτής Χανίων κ. ΚΥΡΙΑΚΟΣ ΒΙΡΒΙΔΑΚΗΣ κατέθεσε αναφορά με την οποία  οι Σύνδεσμοι Εργοληπτών Δημοσίων Έργων ΠΕ Ηρακλείου, ΠΕ Λασιθίου, ΠΕ Ρεθύμνου, ΠΕ Χανίων και τα Τεχνικά Επιμελητήρια ανατολικής και δυτικής Κρήτης παραθέτουν τις προτάσεις και τις θέσεις τους προκειμένου να αναχαιτισθεί η εξόντωση των μικρών και μεσαίων εργοληπτών της χώρας, εξαιτίας των επικείμενων νομοθετικών παρεμβάσεων της Κυβέρνησης.
Υγείας
1714) Ο Βουλευτής Ηρακλείου κ. ΙΩΑΝΝΗΣ ΜΙΧΕΛΟΓΙΑΝΝΑΚΗΣ κατέθεσε δημοσίευμα εφημερίδας, το οποίο αναφέρεται σε έναν και μοναδικό παιδίατρο που έχει το νησί.
Υποδομών, Μεταφορών και Δικτύων
1715) Ο Βουλευτής Κορινθίας κ. ΧΡΙΣΤΟΣ ΔΗΜΑΣ κατέθεσε αναφορά με την οποία  ο Δήμος Σικυωνίων του Νομού Κορινθίας  επισημαίνει την αδυναμία πρόσβασης στο ψηφιακό τηλεοπτικό σήμα στις Δημοτικές Ενότητες Στυμφαλίας και Φενεού του Δήμου Σικυωνίων Κορινθίας.
Υγείας
1716) Η Βουλευτής Κεφαλληνίας κ. ΑΦΡΟΔΙΤΗ ΘΕΟΠΕΦΤΑΤΟΥ κατέθεσε αναφορά με την οποία  ο Σύλλογος Γονέων και Κηδεμόνων (ΑΜΕΑ) «Η ΕΛΠΙΔΑ» του Νομού Κεφαλονιάς  εκφράζει την αγανάκτησή του για την έλλειψη προσωπικού και χρηματοδότησης για τα στοιχειώδη λειτουργικά  έξοδα του ΚΕΦΙΑΠ Κεφαλλονιάς, με αποτέλεσμα την απομόνωση της πλειοψηφίας των ΑΜΕΑ.
Εσωτερικών, Οικονομικών 
1717) Η Βουλευτής Ηλείας κ. ΕΥΣΤΑΘΙΑ ΓΕΩΡΓΟΠΟΥΛΟΥ-ΣΑΛΤΑΡΗ κατέθεσε δημοσίευμα εφημερίδας, το οποίο αναφέρεται στην διασφάλιση της μεταφοράς των μαθητών στα σχολεία τους στις ορεινές περιοχές του Νομού Ηλείας.
Αγροτικής Ανάπτυξης και Τροφίμων
1718) Οι Βουλευτές Β΄ Θεσσαλονίκης κ. ΕΛΕΝΗ ΓΕΡΑΣΙΜΙΔΟΥ και Α΄ Θεσσαλονίκης κ. ΘΕΟΔΟΣΙΟΣ ΚΩΝΣΤΑΝΤΙΝΙΔΗΣ κατέθεσαν αναφορά με την οποία  ο Αγροτικός Συνεταιρισμός Κυμίνων Θεσσαλονίκης εκφράζει τη διαμαρτυρία του για την αντιαγροτική  πολιτική απέναντι στους μικρούς και μεσαίους αγρότες και ζητά να λάβουν την επιστροφή του ΦΠΑ για τα προϊόντα που έχουν πουλήσει το 2013.
Παιδείας και Θρησκευμάτων
1719) Ο Βουλευτής Χανίων κ. ΚΥΡΙΑΚΟΣ ΒΙΡΒΙΔΑΚΗΣ κατέθεσε αναφορά με την οποία  ο Σύλλογος Καθηγητών Ιδιοκτητών Κέντρων Ξένων Γλωσσών Χανίων παραθέτει τις προτάσεις του προκειμένου η θεσμοθέτηση των παγίων κριτηρίων για τη χορήγηση επάρκειας προσόντων διδασκαλίας ξένων γλωσσών, να διασφαλίζει την αξιοπιστία, διαφάνεια και ισονομία για τα συμφέροντα του πολίτη.
Παιδείας και Θρησκευμάτων
1720) Η Βουλευτής Β΄ Θεσσαλονίκης κ. ΣΤΑΥΡΟΥΛΑ ΞΟΥΛΙΔΟΥ κατέθεσε αναφορά με την οποία  η Ανώτατη Συνομοσπονδία Πολυτέκνων Ελλάδος εκφράζει τη διαμαρτυρία της για τον ενδεχόμενο αποκλεισμό από το δικαίωμα μετεγγραφής των επιτυχόντων στις σχολές της τριτοβάθμιας εκπαίδευσης με το 10%.
Εργασίας, Κοινωνικής Ασφάλισης και Πρόνοιας
1721) Η Βουλευτής Α΄ Θεσσαλονίκης κ. ΑΣΗΜΙΝΑ ΞΗΡΟΤΥΡΗ - ΑΙΚΑΤΕΡΙΝΑΡΗ κατέθεσε αναφορά με την οποία  το Εργατοϋπαλληλικό Κέντρο Γιαννιτσών  εκφράζει τη διαμαρτυρία του για το ενδεχόμενο κατάργησης του Τμήματος Τεχνικής και Υγειονομικής Επιθεώρησης Εργασίας (ΤΤΥΕ) στο Νομό Πέλλας.
Δικαιοσύνης, Διαφάνειας και Ανθρωπίνων Δικαιωμάτων 
1722) Ο Βουλευτής Μαγνησίας κ. ΠΑΡΙΣΗΣ ΜΟΥΤΣΙΝΑΣ κατέθεσε αναφορά με την οποία  ο Δήμαρχος Βόλου του Νομού Μαγνησίας αιτείται τον ορισμό επιτρόπου του Ελεγκτικού Συνεδρίου του Βόλου.
Οικονομικών, Αγροτικής Ανάπτυξης και Τροφίμων
1723) Ο Βουλευτής Κορινθίας κ. ΧΡΙΣΤΟΣ ΔΗΜΑΣ κατέθεσε αναφορά με την οποία  ο κ. Δημήτριος Τασούλης γνωστοποιεί με επιστολή του τη μη καταβολή αποζημιώσεων από το ελληνικό δημόσιο και την αναγκαστική απαλλοτρίωση εδαφικών εκτάσεων για το έργο Φράγμα Ασωπού Ποταμού.
Παιδείας και Θρησκευμάτων
1724) Ο Βουλευτής Αχαΐας κ. ΝΙΚΟΛΑΟΣ ΝΙΚΟΛΟΠΟΥΛΟΣ κατέθεσε αναφορά με την οποία  το μαθηματικό φόρουμ mathematica.gr διαμαρτύρεται για την εγκύκλιο που αναθέτει τη διδασκαλία των Μαθηματικών στο Γυμνάσιο σε καθηγητές Πληροφορικής υποβαθμίζοντας την αξία του πτυχίου των Μαθηματικών.
Δικαιοσύνης, Διαφάνειας και Ανθρωπίνων Δικαιωμάτων 
1725) Η Βουλευτής Μαγνησίας κ. ΖΕΤΤΑ ΜΑΚΡΗ κατέθεσε αναφορά με την οποία  η Δημοτική Αρχή Βόλου του Νομού Μαγνησίας  αιτείται τον ορισμό μόνιμου επιτρόπου του Ελεγκτικού Συνεδρίου στο Δήμο Βόλου, προκειμένου να διασφαλιστεί η αντιμετώπιση ζωτικών θεμάτων του δήμου.
Πολιτισμού και Αθλητισμού
1726) Ο Βουλευτής Αχαΐας κ. ΝΙΚΟΛΑΟΣ ΝΙΚΟΛΟΠΟΥΛΟΣ κατέθεσε αναφορά με την οποία  ο κ. Γιάννης Νακάκης  αιτείται την επίλυση θέματος που αφορά την κατάργηση της επίσημης σημαίας του κράτους.
Παιδείας και Θρησκευμάτων
1727) Ο Βουλευτής Αχαΐας κ. ΝΙΚΟΛΑΟΣ ΝΙΚΟΛΟΠΟΥΛΟΣ κατέθεσε αναφορά με την οποία  η Ένωση Πληροφορικών Ελλάδος παραθέτει τις προτάσεις της,  σχετικά με τις β΄ αναθέσεις μαθημάτων στη δευτεροβάθμια εκπαίδευση.
Υγείας
1728) Οι Βουλευτές Κοζάνης κ. ΕΥΓΕΝΙΑ ΟΥΖΟΥΝΙΔΟΥ, Φλωρίνης κ. ΑΘΑΝΑΣΙΟΣ ΓΕΡΜΑΝΙΔΗΣ και Καστοριάς κ. ΕΥΑΓΓΕΛΟΣ ΔΙΑΜΑΝΤΟΠΟΥΛΟΣ κατέθεσαν αναφορά με την οποία  το Εργασιακό Σωματείο ΕΚΑΒ Κοζάνης αιτείται τη στελέχωση και τον εξοπλισμού του ΕΚΑΒ δυτικής Μακεδονίας, συμπεριλαμβανομένων ασθενοφόρων και ίδρυση νέων τομέων Σερβίων και Βοίου.
Περιβάλλοντος, Ενέργειας και Κλιματικής Αλλαγής 
1729) Ο Βουλευτής Αχαΐας κ. ΝΙΚΟΛΑΟΣ ΝΙΚΟΛΟΠΟΥΛΟΣ κατέθεσε αναφορά με την οποία  η Πανελλήνια Ένωση Επαγγελματιών Γεωτεχνικών και Επιχειρήσεων Πρασίνου εκφράζει την διαμαρτυρία της για την καθυστέρηση υλοποίησης του προγράμματος κατασκευής φυτεμένων δωματίων.
Ανάπτυξης και Ανταγωνιστικότητας, Οικονομικών 
1730) Ο Βουλευτής Αχαΐας κ. ΝΙΚΟΛΑΟΣ ΝΙΚΟΛΟΠΟΥΛΟΣ κατέθεσε αναφορά με την οποία  η Πανελλήνια Ομοσπονδία Πρατηριούχων Εμπόρων Καυσίμων εκφράζει τη διαμαρτυρία της σχετικά με την παράνομη διακίνηση καυσίμων και την επικρατούσα κατάσταση, η οποία αφορά την εγκατάσταση ηλεκτρονικών συστημάτων εισροών - εκροών. 
στον Υφυπουργό στον Πρωθυπουργό
1731) Ο Βουλευτής Αχαΐας κ. ΝΙΚΟΛΑΟΣ ΝΙΚΟΛΟΠΟΥΛΟΣ κατέθεσε αναφορά με την οποία  ο κ. Πλάτωνας Τασχουνίδης  εκφράζει τη διαμαρτυρία των περιφερειακών τηλεοπτικών σταθμών της κεντρικής Μακεδονίας για την παραχώρηση των συχνοτήτων τους στην εταιρεία «DIGEA».
Οικονομικών 
1732) Ο Βουλευτής Αχαΐας κ. ΝΙΚΟΛΑΟΣ ΝΙΚΟΛΟΠΟΥΛΟΣ κατέθεσε αναφορά με την οποία  ο κ. Αλέξανδρος Σπανός  παραθέτει τις οικονομικές προτάσεις του Ευρωπαϊκού Οικονομικού Πλαισίου για την ανάκαμψη της χώρας. 
Υγείας
1733) Ο Βουλευτής Αχαΐας κ. ΝΙΚΟΛΑΟΣ ΝΙΚΟΛΟΠΟΥΛΟΣ κατέθεσε αναφορά με την οποία  η Εθνική Ομοσπονδία Τυφλών εκφράζει τη διαμαρτυρία της σχετικά με τη θέση εισοδηματικών κριτηρίων για τις εναπομείνασες παροχές και προνοιακά επιδόματα και αιτείται ενδελεχή μελέτη του κόστους των αναγκών των ατόμων με αναπηρία και την κάλυψη των υποχρεώσεών τους από την πολιτεία.
Παιδείας και Θρησκευμάτων
1734) Ο Βουλευτής Αχαΐας κ. ΝΙΚΟΛΑΟΣ ΝΙΚΟΛΟΠΟΥΛΟΣ κατέθεσε αναφορά με την οποία  ο Σύλλογος Γονέων και Κηδεμόνων και Φίλων Ατόμων με αυτισμό του Νομού Δράμας «ΑΛΚΥΟΝΗ» εκφράζει τη διαμαρτυρία του για το νέο προτεινόμενο νόμο για την ειδικής αγωγή, η ψήφιση του οποίου θα επιφέρει σημαντικές συνέπειες στην ελληνική κοινωνία. 
Οικονομικών, Εσωτερικών
1735) Ο Βουλευτής Αχαΐας κ. ΝΙΚΟΛΑΟΣ ΝΙΚΟΛΟΠΟΥΛΟΣ κατέθεσε αναφορά με την οποία  η Εθνική Συνομοσπονδία Ελληνικού Εμπορίου καταθέτει τις θέσεις και τις προτάσεις της, όσον αφορά το Εθνικό Σχέδιο Δράσης για την Εταιρική Κοινωνική Ευθύνη.
Εσωτερικών
1736) Ο Βουλευτής Αχαΐας κ. ΝΙΚΟΛΑΟΣ ΝΙΚΟΛΟΠΟΥΛΟΣ κατέθεσε αναφορά με την οποία  η Πανελλήνια Ένωση Συνταξιούχων Ναυτικού του Απομαχικού Ταμείου ΠΕΣ-ΝΑΤ εκφράζει τη διαμαρτυρία της για το νομοσχέδιο που προωθείται σχετικά με τις οικονομικές υποθέσεις των κομμάτων και αιτείται την άμεση απόσυρσή του. 
Παιδείας και Θρησκευμάτων
1737) Ο Βουλευτής Αχαΐας κ. ΝΙΚΟΛΑΟΣ ΝΙΚΟΛΟΠΟΥΛΟΣ κατέθεσε αναφορά με την οποία  η Ομοσπονδία Πολυμελών Οικογενειών με Τρία Τέκνα Ελλάδος εκφράζει τη διαμαρτυρία της για την εξαίρεση από το δικαίωμα μετεγγραφής των εισαχθέντων φοιτητών με το 10%.
Δικαιοσύνης, Διαφάνειας και Ανθρωπίνων Δικαιωμάτων 
1738) Ο Βουλευτής Μαγνησίας κ. ΑΛΕΞΑΝΔΡΟΣ ΜΕΪΚΟΠΟΥΛΟΣ κατέθεσε αναφορά με την οποία  ο Δήμαρχος Βόλου αιτείται τον ορισμό μόνιμου επιτρόπου του Ελεγκτικού Συνεδρίου στο Βόλο.
Εθνικής Άμυνας
1739) Ο Βουλευτής Αχαΐας κ. ΝΙΚΟΛΑΟΣ ΝΙΚΟΛΟΠΟΥΛΟΣ κατέθεσε αναφορά με την οποία  η Πανελλήνια Ομοσπονδία Ενώσεων Στρατιωτικών  παραθέτει τις απόψεις της για την εφαρμογή του νέου μισθολογίου στους  υπηρετούντες στις Ένοπλες Δυνάμεις και στα Σώματα Ασφαλείας.
Οικονομικών 
1740) Ο Βουλευτής Αχαΐας κ. ΝΙΚΟΛΑΟΣ ΝΙΚΟΛΟΠΟΥΛΟΣ κατέθεσε αναφορά με την οποία  ο κ. Γεώργιος Φλωράς  εκφράζει τη διαμαρτυρία του σχετικά με την απουσία ελέγχου του ΣΔΟΕ σε επιχειρηματίες, πολιτικούς και ανώτατα τραπεζικά στελέχη που επενδύουν μέσω offshore εταιρειών.
Εργασίας, Κοινωνικής Ασφάλισης και Πρόνοιας, Μακεδονίας Θράκης
1741) Ο Βουλευτής Αχαΐας κ. ΝΙΚΟΛΑΟΣ ΝΙΚΟΛΟΠΟΥΛΟΣ κατέθεσε αναφορά με την οποία  η Πανελλαδική Ομοσπονδία Εργατοϋπαλλήλων Εμφιαλωμένων Ποτών αιτείται την επαναλειτουργία του εργοστασίου της «COCA COLA» στην Θεσσαλονίκη και καταγγέλλει την πολυεθνική «ΤΡΙΑ ΈΨΙΛΟΝ».
Παιδείας και Θρησκευμάτων
1742) Ο Βουλευτής Αχαΐας κ. ΝΙΚΟΛΑΟΣ ΝΙΚΟΛΟΠΟΥΛΟΣ κατέθεσε αναφορά με την οποία  η Ένωση Ελλήνων Χημικών  εκφράζει τη δυσαρέσκειά της για την υποβάθμιση της διδασκαλίας του μαθήματος της Χημείας στη Γ΄ Λυκείου.
Διοικητικής Μεταρρύθμισης και Ηλεκτρονικής Διακυβέρνησης - Παιδείας και Θρησκευμάτων
1743) Ο Βουλευτής Αχαΐας κ. ΝΙΚΟΛΑΟΣ ΝΙΚΟΛΟΠΟΥΛΟΣ κατέθεσε αναφορά με την οποία  ο κ. Ανδρέας Καλογρίδης  αιτείται τη διεξαγωγή έρευνας για την καταλληλότητα των αξιολογητών του εργαζόμενου προσωπικού στο Εθνικό Μετσόβιο Πολυτεχνείο.
Εργασίας, Κοινωνικής Ασφάλισης και Πρόνοιας, Οικονομικών, Δικαιοσύνης, Διαφάνειας και Ανθρωπίνων Δικαιωμάτων, Διοικητικής Μεταρρύθμισης και Ηλεκτρονικής Διακυβέρνησης
1744) Ο Βουλευτής Αχαΐας κ. ΝΙΚΟΛΑΟΣ ΝΙΚΟΛΟΠΟΥΛΟΣ κατέθεσε αναφορά με την οποία  η Συντονιστική Επιτροπή Απολυμένων Καθαριστριών του Υπουργείου Οικονομικών αιτείται συμπαράσταση στον αγώνα του για την άρση",21595,"","ΕΠΙΚΥΡΩΣΗ ΠΡΑΚΤΙΚΩΝ",NA,"",NA
"11924","
"," Κυρίες και κύριοι συνάδελφοι, εισερχόμεθα στη συζήτηση των 
ΕΠΙΚΑΙΡΩΝ ΕΡΩΤΗΣΕΩΝ
Θα συζητηθεί η έκτη με αριθμό 105/29-9-2014 επίκαιρη ερώτηση της Βουλευτού Α΄ Πειραιώς της Δημοκρατικής Αριστεράς κ. Μαρίας Ρεπούση προς τον Υπουργό Παιδείας και Θρησκευμάτων, σχετικά με τη χορήγηση ισοτιμίας των πτυχίων των αποφοίτων των ανωτέρων δραματικών σχολών της ημεδαπής, ώστε να συνεχίσουν να εργάζονται στην εκπαίδευση. 
Στην επίκαιρη ερώτηση της κυρίας συναδέλφου θα απαντήσει ο Υφυπουργός κ. Γεώργιος Στύλιος.
Έχετε τον λόγο, κυρία συνάδελφε, για δύο λεπτά.",21596,"Chairman","ΠΡΟΕΔΡΕΥΩΝ",75,"",75
"11925","
"," Ευχαριστώ, κύριε Πρόεδρε. 
Όπως γνωρίζετε, κύριε Υπουργέ, τις τελευταίες δεκαετίες, έχει εισαχθεί στην εκπαίδευση -όχι μόνο στην ελληνική εκπαίδευση, αλλά διεθνώς- το μάθημα της Θεατρικής Εκπαίδευσης ή Θεατρικής Αγωγής. Είναι ένα πολύ χρήσιμο μάθημα, καθώς εισάγει στην εκπαίδευση την τέχνη του θεάτρου, εξοικειώνει τα παιδιά με αυτήν την τέχνη, αλλά χρησιμοποιείται και ως μέσο για τη μάθηση διάφορων αντικειμένων, μέσα από το θεατρικό παιχνίδι. 
Τελευταία δε το ζήτημα της Θεατρικής Εκπαίδευσης, Θεατρικής Αγωγής, έχει αναδειχθεί ιδιαίτερα χρήσιμο στις ομάδες οι οποίες δεν εντάσσονται εύκολα μέσα στην τυπική σχολική εκπαίδευση και μέσα από αυτό το θεατρικό παιχνίδι και τη Θεατρική Αγωγή θεωρείται ότι εντάσσονται καλύτερα και στο σχολικό περιβάλλον. 
Είναι, λοιπόν, ένα χρήσιμο μάθημα, το οποίο σωστά έχει εισαχθεί και στην ελληνική εκπαίδευση, όπως εξάλλου και στα εκπαιδευτικά συστήματα των άλλων ευρωπαϊκών χωρών και των χωρών του δυτικού κόσμου. Σε εμάς εντάχθηκε με την υπουργική απόφαση 3934/2001 και ιδρύθηκε ο αντίστοιχος κλάδος ΠΕ 18.41 της Δραματικής Τέχνης. 
Ποιοι είχαν την αρμοδιότητα να διδάσκουν το αντίστοιχο μάθημα; Την είχαν οι απόφοιτοι ΤΕΙ αντίστοιχης ειδικότητας ή ισότιμων ανώτερων σχολών δραματικής τέχνης της ημεδαπής. 
Επειδή, όμως, δεν υπήρχε αντίστοιχη ειδικότητα τότε στα τεχνολογικά ιδρύματα, γίνονταν δεκτοί στον ενιαίο πίνακα αναπληρωτών της πρωτοβάθμιας και της δευτεροβάθμιας εκπαίδευσης απόφοιτοι των δημόσιων ανώτερων σχολών του Εθνικού Θεάτρου και του Κρατικού Θεάτρου Βορείου Ελλάδας, του Κρατικού Ωδείου αλλά και ιδιωτικών ανώτερων δραματικών σχολών που είχαν αναγνωριστεί από το Υπουργείο Πολιτισμού. Η ισοτιμία των πτυχίων τους –γιατί χρειαζόταν η ισοτιμία- χορηγούνταν από το ΙΤΕ, το Ινστιτούτο Τεχνολογικής Εκπαίδευσης, μέσω κάποιας βεβαίωσης. 
(Στο σημείο αυτό κτυπάει το κουδούνι λήξεως του χρόνου ομιλίας της κυρίας Βουλευτού)
Κύριε Πρόεδρε, επιτρέψτε μου να συνεχίσω και θα χρησιμοποιήσω λιγότερο χρόνο στη δευτερολογία μου. 
Το 2005 καταργήθηκε το ΙΤΕ και αντικαταστάθηκε από το β΄ τμήμα του ΔΟΑΤΑΠ, προκειμένου οι απόφοιτοι των ανωτέρων σχολών να αποκτήσουν την απαραίτητη ισοτιμία. Όμως, με σχετικό έγγραφο ο ΔΟΑΤΑΠ από το 2005 και εξής δεν επιτρέπει τη χορήγηση ισοτιμίας ούτε χαρακτηρισμού της βαθμίδας εκπαίδευσης στην οποία ανήκει μία σχολή της ημεδαπής, με αποτέλεσμα αυτοί οι εκπαιδευτικοί να διαγραφούν από τους πίνακες των αναπληρωτών. Δεν έχουν δικαίωμα να διδάξουν στην πρωτοβάθμια και δευτεροβάθμια εκπαίδευση και δεν προσμετράται η υπηρεσία τους. 
Η επίκαιρη ερώτησή μας αποσκοπεί στο να θέσουμε το ζήτημα και να ακούσουμε την άποψη της πολιτικής ηγεσίας του Υπουργείου, όσον αφορά το πώς προτίθεται να το ρυθμίσει. 
Σας ευχαριστώ.",21597,""," ΜΑΡΙΑ ΡΕΠΟΥΣΗ",241,"",241
"11926","
"," Και εμείς ευχαριστούμε, κυρία Ρεπούση.
Τον λόγο έχει ο κύριος Υπουργός για τρία λεπτά.
Ορίστε, κύριε Υπουργέ, έχετε τον λόγο.",21598,"Chairman","ΠΡΟΕΔΡΕΥΩΝ",75,"",75
"11927"," 
"," Ευχαριστώ πολύ, κύριε Πρόεδρε.
Κυρία συνάδελφε, καταλαβαίνω ότι γνωρίζετε το ζήτημα. Γνωρίζετε, λοιπόν, ότι οι σχολές δραματικής τέχνης αναγνωρίζονταν μέχρι το 2003 από το ΙΤΕ, δεδομένου ότι ήταν ο αρμόδιος φορέας για να αποφανθεί για την καταλληλότητα των πτυχιούχων από τις σχολές δραματικής τέχνης. Το 2003 δημιουργήθηκε ο ΔΟΑΤΑΠ, ο νέος οργανισμός που έχει την ευθύνη και την αρμοδιότητα να αποφαίνεται για τους τίτλους σπουδών των πανεπιστημίων και των ΤΕΙ. Από τη στιγμή, λοιπόν, που συγκροτήθηκε ο ΔΟΑΤΑΠ, καταργήθηκε το ΙΤΕ, αλλά και το ΔΙΚΑΤΣΑ, με συνέπεια όλοι οι φορείς να υπάγονται στον ΔΟΑΤΑΠ.
Επίσης, βάσει του νόμου με τον οποίο τα ΤΕΙ έγιναν ανώτατα εκπαιδευτικά ιδρύματα, όσον αφορά την καταλληλότητα των πτυχίων των πτυχιούχων-αποφοίτων των τμημάτων των ΤΕΙ, αποφαίνεται ο ΔΟΑΤΑΠ. Συνεπώς πριν από τη δημιουργία του ΔΟΑΤΑΠ αποφαινόταν το ΙΤΕ, ενώ μετά τη δημιουργία του ΔΟΑΤΑΠ και την ανωτατοποίηση των ΤΕΙ, αποφαίνεται ο ΔΟΑΤΑΠ. Δεν υπάρχει φορέας που να μπορεί να αποφαίνεται για τους πτυχιούχους των σχολών δραματικής τέχνης, διότι δεν πληρούν τον τετραετή κύκλο σπουδών, όπως ισχύει στα πανεπιστήμια και τα ΤΕΙ. 
Είναι γεγονός ότι υπάρχουν συνάδελφοί μας, υπάρχουν συμπολίτες μας, οι οποίοι έχουν αποφοιτήσει από τις σχολές δραματικής τέχνης και, όπως και εσείς αναφέρατε στην επίκαιρη ερώτησή σας, απασχολούνταν στην εκπαίδευση. Για να ξεπεραστεί αυτό το πρόβλημα, στη δευτεροβάθμια εκπαίδευση θα μπορούσε να δημιουργηθεί ένας κλάδος στον οποίο θα τεκμηριώνεται η επάρκεια αυτών των αποφοίτων πριν από τη δημιουργία του ΔΟΑΤΑΠ, πριν από την ανωτατοποίηση των ΤΕΙ, ώστε με κατάλληλα κριτήρια, όπως είναι, για παράδειγμα, η υπηρεσία και η παιδαγωγική τους επάρκεια, να μπορούν να απασχοληθούν στην εκπαίδευση.
Τώρα, όσον αφορά την κάλυψη των εκπαιδευτικών αναγκών στα συγκεκριμένα μαθήματα, θέλω να σας θυμίσω ότι αυτήν τη στιγμή υπάρχει ο κλάδος εκπαιδευτικών ΠΕ 18.41 Δραματικής Τέχνης όπως επίσης και ο κλάδος εκπαιδευτικών ΠΕ 32 Θεατρικών Σπουδών, που προέρχονται από ανώτατα ιδρύματα.
Σας ευχαριστώ.",21599,""," ΓΕΩΡΓΙΟΣ ΣΤΥΛΙΟΣ",265,"",265
"11928","
"," Ευχαριστούμε, κύριε Υπουργέ. 
Τον λόγο έχει η κ. Ρεπούση για τρία λεπτά.",21600,"Chairman","ΠΡΟΕΔΡΕΥΩΝ",75,"",75
"11929","
"," Ευχαριστώ, κύριε Υπουργέ.
Πράγματι έτσι είναι τα πράγματα. Όλο αυτό περνούσε μέσα από το ΙΤΕ και μετά την κατάργηση του ΙΤΕ, μέσα από το ΔΙΚΑΤΣΑ και τον ΔΟΑΤΑΠ. 
Εδώ, λοιπόν, υπάρχουν δύο ζητήματα. Το ένα ζήτημα αφορά αυτούς τους ανθρώπους που πράγματι είχαν δουλέψει ως αναπληρωτές στο πλαίσιο του νόμου με το παλιό καθεστώς και τώρα πια δεν μπορούν να δουλέψουν, δεδομένου ότι δεν αναγνωρίζεται ούτε η προϋπηρεσία τους. Εδώ, λοιπόν, θα πρέπει να υπάρξει μία ρύθμιση από την πολιτεία σε σχέση με αυτούς τους ανθρώπους. 
Tο δεύτερο μεγάλο ζήτημα είναι τι γίνεται με τους πτυχιούχους όλων αυτών των ανώτερων δραματικών σχολών που αναγνωρίζονται από το Υπουργείο Πολιτισμού, με βάση φαντάζομαι το πρόγραμμά τους κ.λπ.. Έχουμε τον ν.1158/1981 περί οργανώσεως, διοικήσεως και λειτουργίας καλλιτεχνικών σχολών, δηλαδή, έχουμε ένα προεδρικό διάταγμα της πολιτείας, το οποίο ορίζει ότι οι διπλωματούχοι των εν λόγω σχολών μπορούν να διδάξουν τη δραματική τέχνη του θεάτρου.
Άρα έχουμε μία σειρά από πτυχιούχους τριετούς φοίτησης. Σωστά  επισημαίνετε ότι τώρα και τα ΤΕΙ είναι τετραετούς φοίτησης και άρα έχουμε ισοτιμία των πανεπιστημιακών πτυχίων με των πτυχίων των τεχνολογικών σχολών. Ωστόσο υπάρχει αναγνώριση των επαγγελματικών προσόντων και στους αποφοίτους των ΤΕΙ, που με το προηγούμενο καθεστώς ήταν τριετούς φοίτησης. Των ανθρώπων αυτών τα επαγγελματικά προσόντα αναγνωρίζονται και διδάσκουν, δηλαδή πράγματι δεν έχουν την τετραετή ισοτιμία, αλλά έχουν μία δεύτερη ισοτιμία που αναγνώριζε ο ΔΟΑΤΑΠ και μπορούσαν να διδάξουν. Δεν αναγνωρίζεται όμως ως ισότιμο το πτυχίο των αποφοίτων δραματικής τέχνης με το πτυχίο των ΤΕΙ, έτσι ώστε και εκείνοι να έχουν επαγγελματικά προσόντα. 
Δηλαδή, κύριε Υπουργέ, το ένα θέμα είναι τι κάνουμε με τους παλιούς, στους οποίους αναγνωριζόταν το δικαίωμα της διδασκαλίας, παρ’ ότι ήταν από ιδιωτικές ή τριετούς φοίτησης ανώτερες δραματικές σχολές. Το δεύτερο ζήτημα που έχουμε και πρέπει να ρυθμίσει η πολιτεία είναι τι γίνεται με τους αποφοίτους αυτών των σχολών, που με βάση το προεδρικό διάταγμα της ίδρυσής τους έχουν το δικαίωμα διδασκαλίας του θεάτρου και που δεν έχουν αναγνώριση επαγγελματικών προσόντων. 
Τώρα νομίζω ότι το ζήτημα έχει περάσει στο Υπουργείο, δεν είναι πια στον ΔΟΑΤΑΠ. Δεν έχει συσταθεί στο Υπουργείο Υπηρεσία Αναγνώρισης Επαγγελματικών Προσόντων; Τι γίνεται με αυτούς τους απόφοιτους;
Σας ευχαριστώ πολύ.",21601,""," ΜΑΡΙΑ ΡΕΠΟΥΣΗ",241,"",241
"11930","
"," Και εμείς σας ευχαριστούμε.
Έχετε τον λόγο, κύριε Υφυπουργέ, για τρία λεπτά.",21602,"Chairman","ΠΡΟΕΔΡΕΥΩΝ",75,"",75
"11931","
"," Ευχαριστώ πολύ, κύριε Πρόεδρε.
Γνωρίζετε, κυρία Βουλευτή, ότι από το 2006 η χώρα μας έχει προσαρμοστεί στο Ευρωπαϊκό Σύστημα Πιστωτικών Μονάδων όσον αφορά τα πανεπιστήμια και τα ΤΕΙ, ούτως ώστε να μπορεί να υπάρχει μία αντιστοιχία των πτυχιούχων των δικών μας πανεπιστημίων και των ΤΕΙ με τα αντίστοιχα ευρωπαϊκά. Είναι μία εξέλιξη, προχωρούμε προς τα μπρος και προς την ευρωπαϊκή ολοκλήρωση.",21603,""," ΓΕΩΡΓΙΟΣ ΣΤΥΛΙΟΣ",265,"",265
"11932","
"," Τα τριετούς φοίτησης…",21604,""," ΜΑΡΙΑ ΡΕΠΟΥΣΗ",241,"",241
"11933","
"," Αντιλαμβάνομαι το ζήτημα που θέτετε για τους πτυχιούχους των σχολών αυτών, πριν μάλιστα από τη δημιουργία του ΔΟΑΤΑΠ, πριν από την ανωτατοποίηση των ΤΕΙ. Αντιλαμβάνομαι το θέμα που υπάρχει, όμως γνωρίζετε και εσείς και το θέσατε στην ερώτησή σας, ότι δεν έχουν απωλέσει κανένα από τα επαγγελματικά τους δικαιώματα. Ζητάτε να προσδιορίσουμε τη δυνατότητά τους να απασχοληθούν στην εκπαίδευση. Λέω, λοιπόν, ότι με κατάλληλες προϋποθέσεις θα μπορούσε να δημιουργηθεί ένας κλάδος στο Υπουργείο Παιδείας γι’ αυτήν την κατηγορία των συμπολιτών μας.
Όμως στη συγκυρία στην οποία βρισκόμαστε τα τελευταία τέσσερα, πέντε χρόνια, γνωρίζετε ότι, για να μπορέσει να καλυφθεί αυτό το κενό για τους συγκεκριμένους αποφοίτους και πτυχιούχους, θα πρέπει να υπάρχει και η αντίστοιχη ζήτηση εγγραφών μαθητών στα σχολεία στη δευτεροβάθμια εκπαίδευση, ούτως ώστε να έρθουν να καλύψουν εκείνο το κενό και όχι να δημιουργούμε θέσεις απασχόλησης χωρίς να έχουμε παιδιά στις τάξεις.
Συνεπώς χρειάζεται μία δουλειά πάνω στο συγκεκριμένο αντικείμενο, για να διερευνήσουμε και να καταγράψουμε τη ζήτηση και τις εγγραφές από τους μαθητές που θα παρακολουθήσουν αυτά τα συγκεκριμένα μαθήματα, ούτως ώστε στη συνέχεια να προβεί το Υπουργείο στις υπόλοιπες ενέργειες.
Θέλω, λοιπόν, να πω ότι είναι συνδυασμός αυτών των δύο και συνδυασμός της οικονομικής κατάστασης στην οποία βρισκόμαστε, που δεν μπορούμε ούτε να υποσχόμαστε στους συμπολίτες μας ότι υπάρχει επαγγελματική προοπτική ούτε τα οικονομικά επιτρέπουν να απασχοληθούν, χωρίς να υπάρχει η ζήτηση από τα σχολεία.
Σας ευχαριστώ.",21605,""," ΓΕΩΡΓΙΟΣ ΣΤΥΛΙΟΣ",265,"",265
"11934","
"," Ευχαριστούμε, κύριε Υπουργέ. 
Η πρώτη με αριθμό 103/29-9-2014 επίκαιρη ερώτηση του Βουλευτή Ηλείας της Νέας Δημοκρατίας κ. Γεωργίου Κοντογιάννη προς τον Υπουργό  Υποδομών, Μεταφορών και Δικτύων, σχετικά με τη δημοπράτηση του αυτοκινητόδρομου «Πάτρα-Πύργος-Τσακώνα» δεν συζητείται σε συνεννόηση Υπουργού και Βουλευτή και διαγράφεται. 
Η δεύτερη με αριθμό 107/29-9-2014 επίκαιρη ερώτηση του Βουλευτή Α΄ Θεσσαλονίκης του Συνασπισμού Ριζοσπαστικής Αριστεράς κ. Ιωάννη Αμανατίδη προς τους Υπουργούς Εργασίας, Κοινωνικής Ασφάλισης και Πρόνοιας και Οικονομικών, σχετικά με την καταβολή των αποζημιώσεων τόσο στους συνταξιοδοτηθέντες υπαλλήλους όσο και σε όσους πρόκειται να συνταξιοδοτηθούν από την εταιρεία «Ελληνική Βιομηχανία Οχημάτων» δεν συζητείται λόγω κωλύματος του Υπουργού και διαγράφεται. 
Η τρίτη με αριθμό 109/29-9-2014 επίκαιρη ερώτηση του πρώην Προέδρου της Βουλής και Βουλευτή Β΄ Αθηνών του Πανελλήνιου Σοσιαλιστικού Κινήματος κ. Απόστολου Κακλαμάνη προς τον Υπουργό Οικονομικών, σχετικά με την πρόταση νομοθέτησης τεκμηρίου (μαχητού) περί μη καταβολής των νομίμων φόρων για σημαντικά ποσά που έχουν διαρρεύσει από 1-1-2009 μέχρι 17-6-2012 στο εξωτερικό και επιβολής φόρου 30-40% ανά ύψος ποσού και μείωσής του στο ήμισυ για ποσά που «επαναπατρίζονται» για μια πενταετία, τουλάχιστον, στην Ελλάδα δεν συζητείται λόγω κωλύματος του Υπουργού και διαγράφεται.  
Η τέταρτη με αριθμό 106/29-9-2014 επίκαιρη ερώτηση της Βουλευτού Β΄ Θεσσαλονίκης των Ανεξάρτητων Ελλήνων κ. Σταυρούλας Ξουλίδου προς τους Υπουργούς Περιβάλλοντος, Ενέργειας και Κλιματικής Αλλαγής και Υποδομών, Μεταφορών και Δικτύων, σχετικά με τους ελέγχους της μεταφοράς συμπυκνώματος αρσενοπυρίτη της εταιρείας «ΕΛΛΗΝΙΚΟΣ ΧΡΥΣΟΣ» μέσα από κατοικημένες περιοχές του Δήμου Βόλβης δεν συζητείται λόγω κωλύματος του Υπουργού και διαγράφεται.  
Η πέμπτη με αριθμό 104/29-9-2014 επίκαιρη ερώτηση του Βουλευτή Σερρών του Λαϊκού Συνδέσμου-Χρυσή Αυγή κ. Αρτεμίου Ματθαιόπουλου προς τους Υπουργούς Οικονομικών και Ανάπτυξης και Ανταγωνιστικότητας, σχετικά με τη χρηματοδότηση και τον δανεισμό των επιχειρήσεων από τις ελληνικές τράπεζες δεν συζητείται λόγω κωλύματος του Υπουργού και διαγράφεται.  
Επίσης η έβδομη με αριθμό 108/29-9-2014 επίκαιρη ερώτηση του Βουλευτή Αχαΐας του Κομμουνιστικού Κόμματος Ελλάδας κ. Νικολάου Καραθανασόπουλου προς τους Υπουργούς Εσωτερικών και Εργασίας, Κοινωνικής Ασφάλισης και Πρόνοιας, σχετικά με τη λήψη μέτρων για την ανασφάλιστη εργασία των σχολικών τροχονόμων δεν συζητείται σε συνεννόηση Υπουργού και Βουλευτή και διαγράφεται. 
Κυρίες και κύριοι συνάδελφοι, ολοκληρώθηκε η συζήτηση των επικαίρων ερωτήσεων. 
Δέχεστε στο σημείο αυτό να λύσουμε τη συνεδρίαση;",21606,"Chairman","ΠΡΟΕΔΡΕΥΩΝ",75,"",75
"11935"," 
"," Μάλιστα, μάλιστα. 
Με τη συναίνεση του Τμήματος και ώρα 9.58΄ λύεται η συνεδρίαση για αύριο ημέρα Παρασκευή 3 Οκτωβρίου 2014 και ώρα 10.00΄, με αντικείμενο εργασιών του Τμήματος κοινοβουλευτικό έλεγχο: συζήτηση επίκαιρης επερώτησης, σύμφωνα με την ημερήσια διάταξη που έχει διανεμηθεί. 
Ο",21607,"","ΟΛΟΙ ΟΙ ΒΟΥΛΕΥΤΕΣ",NA,"",NA
