Γαβριήλ Αβραμίδης	 ΓΑΒΡΙΗΛ ΑΒΡΑΜΙΔΗΣ
Γαβριήλ Αβραμίδης	ΑΒΡΑΜΙΔΗΣ  ΓΑΒΡΙΗΛ
Γαβριήλ Αβραμίδης	ΓΑΒΡΙΗΛ ΑΒΡΑΜΙΔΗΣ
Γαβριήλ Αβραμίδης	ΑΒΡΑΜΙΔΗΣ ΓΑΒΡΙΗΛ
Δημήτρης Αβραμόπουλος	 ΔΗΜΗΤΡΙΟΣ ΑΒΡΑΜΟΠΟΥΛΟΣ
Δημήτρης Αβραμόπουλος	ΑΒΡΑΜΟΠΟΥΛΟΣ  ΔΗΜΗΤΡΙΟΣ
Δημήτρης Αβραμόπουλος	ΔΗΜΗΤΡΗΣ ΑΒΡΑΜΟΠΟΥΛΟΣ
Δημήτρης Αβραμόπουλος	ΑΒΡΑΜΟΠΟΥΛΟΣ ΔΗΜΗΤΡΗΣ
Αγαθοπούλου Ειρήνη-Ελένη	 ΕΙΡΗΝΗ-ΕΛΕΝΗ ΑΓΑΘΟΠΟΥΛΟΥ
Αγαθοπούλου Ειρήνη-Ελένη	ΑΓΑΘΟΠΟΥΛΟΥ  ΕΙΡΗΝΗ-ΕΛΕΝΗ
Αγαθοπούλου Ειρήνη-Ελένη	ΑΓΑΘΟΠΟΥΛΟΥ ΕΙΡΗΝΗ-ΕΛΕΝΗ
Αγαθοπούλου Ειρήνη-Ελένη	ΕΙΡΗΝΗ-ΕΛΕΝΗ ΑΓΑΘΟΠΟΥΛΟΥ
Αηδόνης Χρήστος	 ΧΡΗΣΤΟΣ ΑΗΔΟΝΗΣ
Αηδόνης Χρήστος	ΑΗΔΟΝΗΣ  ΧΡΗΣΤΟΣ
Αηδόνης Χρήστος	ΑΗΔΟΝΗΣ ΧΡΗΣΤΟΣ
Αηδόνης Χρήστος	ΧΡΗΣΤΟΣ ΑΗΔΟΝΗΣ
Αθανασίου Αθανάσιος	 ΑΘΑΝΑΣΙΟΣ ΑΘΑΝΑΣΙΟΥ
Αθανασίου Αθανάσιος	ΑΘΑΝΑΣΙΟΥ  ΑΘΑΝΑΣΙΟΣ
Αθανασίου Αθανάσιος	ΑΘΑΝΑΣΙΟΥ ΑΘΑΝΑΣΙΟΣ
Αθανασίου Αθανάσιος	ΑΘΑΝΑΣΙΟΣ ΑΘΑΝΑΣΙΟΥ
Αθανασίου Χαράλαμπος	 ΧΑΡΑΛΑΜΠΟΣ ΑΘΑΝΑΣΙΟΥ
Αθανασίου Χαράλαμπος	ΑΘΑΝΑΣΙΟΥ  ΧΑΡΑΛΑΜΠΟΣ
Αθανασίου Χαράλαμπος	ΑΘΑΝΑΣΙΟΥ ΧΑΡΑΛΑΜΠΟΣ
Αθανασίου Χαράλαμπος	ΧΑΡΑΛΑΜΠΟΣ ΑΘΑΝΑΣΙΟΥ
Αλεξόπουλος Απόστολος	 ΑΠΟΣΤΟΛΟΣ ΑΛΕΞΟΠΟΥΛΟΣ
Αλεξόπουλος Απόστολος	ΑΛΕΞΟΠΟΥΛΟΣ  ΑΠΟΣΤΟΛΟΣ
Αλεξόπουλος Απόστολος	ΑΛΕΞΟΠΟΥΛΟΣ ΑΠΟΣΤΟΛΟΣ
Αλεξόπουλος Απόστολος	ΑΠΟΣΤΟΛΟΣ ΑΛΕΞΟΠΟΥΛΟΣ
Αλεξόπουλος Χρυσοβαλάντης	 ΧΡΥΣΟΒΑΛΑΝΤΗΣ ΑΛΕΞΟΠΟΥΛΟΣ
Αλεξόπουλος Χρυσοβαλάντης	ΑΛΕΞΟΠΟΥΛΟΣ  ΧΡΥΣΟΒΑΛΑΝΤΗΣ
Αλεξόπουλος Χρυσοβαλάντης	ΑΛΕΞΟΠΟΥΛΟΣ ΧΡΥΣΟΒΑΛΑΝΤΗΣ
Αλεξόπουλος Χρυσοβαλάντης	ΧΡΥΣΟΒΑΛΑΝΤΗΣ ΑΛΕΞΟΠΟΥΛΟΣ
Αμανατίδης Ιωάννης	 ΙΩΑΝΝΗΣ ΑΜΑΝΑΤΙΔΗΣ
Αμανατίδης Ιωάννης	ΑΜΑΝΑΤΙΔΗΣ  ΙΩΑΝΝΗΣ
Αμανατίδης Ιωάννης	ΑΜΑΝΑΤΙΔΗΣ ΙΩΑΝΝΗΣ
Αμανατίδης Ιωάννης	ΙΩΑΝΝΗΣ ΑΜΑΝΑΤΙΔΗΣ
Αμμανατίδου Ευαγγελία	 ΕΥΑΓΓΕΛΙΑ ΑΜΜΑΝΑΤΙΔΟΥ-ΠΑΣΧΑΛΙΔΟΥ
Αμμανατίδου Ευαγγελία	ΑΜΜΑΝΑΤΙΔΟΥ-ΠΑΣΧΑΛΙΔΟΥ  ΕΥΑΓΓΕΛΙΑ
Αμμανατίδου Ευαγγελία	ΑΜΜΑΝΑΤΙΔΟΥ ΕΥΑΓΓΕΛΙΑ
Αμμανατίδου Ευαγγελία	ΕΥΑΓΓΕΛΙΑ ΑΜΜΑΝΑΤΙΔΟΥ
Αναγνωστάκης Δημήτριος	 ΔΗΜΗΤΡΙΟΣ ΑΝΑΓΝΩΣΤΑΚΗΣ
Αναγνωστάκης Δημήτριος	ΑΝΑΓΝΩΣΤΑΚΗΣ  ΔΗΜΗΤΡΙΟΣ
Αναγνωστάκης Δημήτριος	ΑΝΑΓΝΩΣΤΑΚΗΣ ΔΗΜΗΤΡΙΟΣ
Αναγνωστάκης Δημήτριος	ΔΗΜΗΤΡΙΟΣ ΑΝΑΓΝΩΣΤΑΚΗΣ
Αναγνωστόπουλος Γεώργιος	ΓΙΩΡΓΟΣ ΑΝΑΓΝΩΣΤΟΠΟΥΛΟΣ
Αναγνωστόπουλος Γεώργιος	ΑΝΑΓΝΩΣΤΟΠΟΥΛΟΣ ΓΙΩΡΓΟΣ
Αναγνωστόπουλος Γεώργιος	ΑΝΑΓΝΩΣΤΟΠΟΥΛΟΣ ΓΕΩΡΓΙΟΣ
Αναγνωστόπουλος Γεώργιος	ΓΕΩΡΓΙΟΣ ΑΝΑΓΝΩΣΤΟΠΟΥΛΟΣ
Αναστασιάδης Σάββας	 ΣΑΒΒΑΣ ΑΝΑΣΤΑΣΙΑΔΗΣ
Αναστασιάδης Σάββας	ΑΝΑΣΤΑΣΙΑΔΗΣ  ΣΑΒΒΑΣ
Αναστασιάδης Σάββας	ΑΝΑΣΤΑΣΙΑΔΗΣ ΣΑΒΒΑΣ
Αναστασιάδης Σάββας	ΣΑΒΒΑΣ ΑΝΑΣΤΑΣΙΑΔΗΣ
Ανδριανός Ιωάννης	 ΙΩΑΝΝΗΣ ΑΝΔΡΙΑΝΟΣ
Ανδριανός Ιωάννης	ΑΝΔΡΙΑΝΟΣ  ΙΩΑΝΝΗΣ
Ανδριανός Ιωάννης	ΑΝΔΡΙΑΝΟΣ ΙΩΑΝΝΗΣ
Ανδριανός Ιωάννης	ΙΩΑΝΝΗΣ ΑΝΔΡΙΑΝΟΣ
Ανδρουλάκης Δημήτριος	 ΔΗΜΗΤΡΙΟΣ ΑΝΔΡΟΥΛΑΚΗΣ
Ανδρουλάκης Δημήτριος	ΑΝΔΡΟΥΛΑΚΗΣ  ΔΗΜΗΤΡΙΟΣ
Ανδρουλάκης Δημήτριος	ΑΝΔΡΟΥΛΑΚΗΣ ΔΗΜΗΤΡΙΟΣ
Ανδρουλάκης Δημήτριος	ΔΗΜΗΤΡΙΟΣ ΑΝΔΡΟΥΛΑΚΗΣ
Αντωνίου Μαρία	 ΜΑΡΙΑ ΑΝΤΩΝΙΟΥ
Αντωνίου Μαρία	ΑΝΤΩΝΙΟΥ  ΜΑΡΙΑ
Αντωνίου Μαρία	ΑΝΤΩΝΙΟΥ ΜΑΡΙΑ
Αντωνίου Μαρία	ΜΑΡΙΑ ΑΝΤΩΝΙΟΥ
Αποστόλου Ευάγγελος	 ΕΥΑΓΓΕΛΟΣ ΑΠΟΣΤΟΛΟΥ
Αποστόλου Ευάγγελος	ΑΠΟΣΤΟΛΟΥ  ΕΥΑΓΓΕΛΟΣ
Αποστόλου Ευάγγελος	ΑΠΟΣΤΟΛΟΥ ΕΥΑΓΓΕΛΟΣ
Αποστόλου Ευάγγελος	ΕΥΑΓΓΕΛΟΣ ΑΠΟΣΤΟΛΟΥ
Αραμπατζή Φωτεινή	 ΦΩΤΕΙΝΗ ΑΡΑΜΠΑΤΖΗ
Αραμπατζή Φωτεινή	ΑΡΑΜΠΑΤΖΗ  ΦΩΤΕΙΝΗ
Αραμπατζή Φωτεινή	ΑΡΑΜΠΑΤΖΗ ΦΩΤΕΙΝΗ
Αραμπατζή Φωτεινή	ΦΩΤΕΙΝΗ ΑΡΑΜΠΑΤΖΗ
Αρβανίτης Αβράμης	 ΜΙΧΑΗΛ ΑΡΒΑΝΙΤΗΣ-ΑΒΡΑΜΗΣ
Αρβανίτης Αβράμης	ΑΡΒΑΝΙΤΗΣ-ΑΒΡΑΜΗΣ  ΜΙΧΑΗΛ
Αρβανίτης Αβράμης	ΑΡΒΑΝΙΤΗΣ ΑΒΡΑΜΗΣ
Αρβανίτης Αβράμης	ΑΒΡΑΜΗΣ ΑΡΒΑΝΙΤΗΣ
Αρβανιτόπουλος Κωνσταντίνος	 ΚΩΝΣΤΑΝΤΙΝΟΣ ΑΡΒΑΝΙΤΟΠΟΥΛΟΣ
Αρβανιτόπουλος Κωνσταντίνος	ΑΡΒΑΝΙΤΟΠΟΥΛΟΣ  ΚΩΝΣΤΑΝΤΙΝΟΣ
Αρβανιτόπουλος Κωνσταντίνος	ΑΡΒΑΝΙΤΟΠΟΥΛΟΣ ΚΩΝΣΤΑΝΤΙΝΟΣ
Αρβανιτόπουλος Κωνσταντίνος	ΚΩΝΣΤΑΝΤΙΝΟΣ ΑΡΒΑΝΙΤΟΠΟΥΛΟΣ
Ασημακοπούλου Άννα-Μισέλ	 ΑΝΝΑ-ΜΙΣΕΛ ΑΣΗΜΑΚΟΠΟΥΛΟΥ
Ασημακοπούλου Άννα-Μισέλ	ΑΣΗΜΑΚΟΠΟΥΛΟΥ  ΑΝΝΑ-ΜΙΣΕΛ
Ασημακοπούλου Άννα-Μισέλ	ΑΣΗΜΑΚΟΠΟΥΛΟΥ ΑΝΝΑ-ΜΙΣΕΛ
Ασημακοπούλου Άννα-Μισέλ	ΑΝΝΑ-ΜΙΣΕΛ ΑΣΗΜΑΚΟΠΟΥΛΟΥ
Αυγενάκης Ελευθέριος	 ΕΛΕΥΘΕΡΙΟΣ ΑΥΓΕΝΑΚΗΣ
Αυγενάκης Ελευθέριος	ΑΥΓΕΝΑΚΗΣ  ΕΛΕΥΘΕΡΙΟΣ
Αυγενάκης Ελευθέριος	ΑΥΓΕΝΑΚΗΣ ΕΛΕΥΘΕΡΙΟΣ
Αυγενάκης Ελευθέριος	ΕΛΕΥΘΕΡΙΟΣ ΑΥΓΕΝΑΚΗΣ
Αυγερινοπούλου Διονυσία	 ΔΙΟΝΥΣΙΑ-ΘΕΟΔΩΡΑ ΑΥΓΕΡΙΝΟΠΟΥΛΟΥ
Αυγερινοπούλου Διονυσία	ΑΥΓΕΡΙΝΟΠΟΥΛΟΥ  ΔΙΟΝΥΣΙΑ-ΘΕΟΔΩΡΑ
Αυγερινοπούλου Διονυσία	ΑΥΓΕΡΙΝΟΠΟΥΛΟΥ ΔΙΟΝΥΣΙΑ
Αυγερινοπούλου Διονυσία	ΔΙΟΝΥΣΙΑ ΑΥΓΕΡΙΝΟΠΟΥΛΟΥ
Αυλωνίτου Ελένη	ΑΥΛΩΝΙΤΟΥ ΕΛΕΝΗ
Αυλωνίτου Ελένη	ΕΛΕΝΗ ΑΥΛΩΝΙΤΟΥ
Αυλωνίτου Ελένη	ΑΥΛΩΝΙΤΟΥ ΕΛΕΝΗ
Αυλωνίτου Ελένη	ΕΛΕΝΗ ΑΥΛΩΝΙΤΟΥ
Βαλαβάνη Όλγα	 ΟΛΓΑ-ΝΑΝΤΙΑ ΒΑΛΑΒΑΝΗ
Βαλαβάνη Όλγα	ΒΑΛΑΒΑΝΗ  ΟΛΓΑ-ΝΑΝΤΙΑ
Βαλαβάνη Όλγα	ΒΑΛΑΒΑΝΗ ΟΛΓΑ
Βαλαβάνη Όλγα	ΟΛΓΑ ΒΑΛΑΒΑΝΗ
Βαμβακά Ευγενία	 ΕΥΓΕΝΙΑ ΒΑΜΒΑΚΑ
Βαμβακά Ευγενία	ΒΑΜΒΑΚΑ  ΕΥΓΕΝΙΑ
Βαμβακά Ευγενία	ΒΑΜΒΑΚΑ ΕΥΓΕΝΙΑ
Βαμβακά Ευγενία	ΕΥΓΕΝΙΑ ΒΑΜΒΑΚΑ
Βαρβιτσιώτης Μιλτιάδης	 ΜΙΛΤΙΑΔΗΣ ΒΑΡΒΙΤΣΙΩΤΗΣ
Βαρβιτσιώτης Μιλτιάδης	ΒΑΡΒΙΤΣΙΩΤΗΣ  ΜΙΛΤΙΑΔΗΣ
Βαρβιτσιώτης Μιλτιάδης	ΒΑΡΒΙΤΣΙΩΤΗΣ ΜΙΛΤΙΑΔΗΣ
Βαρβιτσιώτης Μιλτιάδης	ΜΙΛΤΙΑΔΗΣ ΒΑΡΒΙΤΣΙΩΤΗΣ
Βαρεμένος Γεώργιος	 ΓΕΩΡΓΙΟΣ ΒΑΡΕΜΕΝΟΣ
Βαρεμένος Γεώργιος	ΒΑΡΕΜΕΝΟΣ  ΓΕΩΡΓΙΟΣ
Βαρεμένος Γεώργιος	ΒΑΡΕΜΕΝΟΣ ΓΕΩΡΓΙΟΣ
Βαρεμένος Γεώργιος	ΓΕΩΡΓΙΟΣ ΒΑΡΕΜΕΝΟΣ
Βενιζέλος Ευάγγελος	 ΕΥΑΓΓΕΛΟΣ ΒΕΝΙΖΕΛΟΣ
Βενιζέλος Ευάγγελος	ΒΕΝΙΖΕΛΟΣ  ΕΥΑΓΓΕΛΟΣ
Βενιζέλος Ευάγγελος	ΒΕΝΙΖΕΛΟΣ ΕΥΑΓΓΕΛΟΣ
Βενιζέλος Ευάγγελος	ΕΥΑΓΓΕΛΟΣ ΒΕΝΙΖΕΛΟΣ
Βεσυρόπουλος Απόστολος	 ΑΠΟΣΤΟΛΟΣ ΒΕΣΥΡΟΠΟΥΛΟΣ
Βεσυρόπουλος Απόστολος	ΒΕΣΥΡΟΠΟΥΛΟΣ  ΑΠΟΣΤΟΛΟΣ
Βεσυρόπουλος Απόστολος	ΒΕΣΥΡΟΠΟΥΛΟΣ ΑΠΟΣΤΟΛΟΣ
Βεσυρόπουλος Απόστολος	ΑΠΟΣΤΟΛΟΣ ΒΕΣΥΡΟΠΟΥΛΟΣ
Βιρβιδάκης Κυριάκος	 ΚΥΡΙΑΚΟΣ ΒΙΡΒΙΔΑΚΗΣ
Βιρβιδάκης Κυριάκος	ΒΙΡΒΙΔΑΚΗΣ  ΚΥΡΙΑΚΟΣ
Βιρβιδάκης Κυριάκος	ΒΙΡΒΙΔΑΚΗΣ ΚΥΡΙΑΚΟΣ
Βιρβιδάκης Κυριάκος	ΚΥΡΙΑΚΟΣ ΒΙΡΒΙΔΑΚΗΣ
Βλάχβεης Μενέλαος	 ΜΕΝΕΛΑΟΣ ΒΛΑΧΒΕΗΣ
Βλάχβεης Μενέλαος	ΒΛΑΧΒΕΗΣ  ΜΕΝΕΛΑΟΣ
Βλάχβεης Μενέλαος	ΒΛΑΧΒΕΗΣ ΜΕΝΕΛΑΟΣ
Βλάχβεης Μενέλαος	ΜΕΝΕΛΑΟΣ ΒΛΑΧΒΕΗΣ
Βλαχογιάννης Ηλίας	 ΗΛΙΑΣ ΒΛΑΧΟΓΙΑΝΝΗΣ
Βλαχογιάννης Ηλίας	ΒΛΑΧΟΓΙΑΝΝΗΣ  ΗΛΙΑΣ
Βλαχογιάννης Ηλίας	ΒΛΑΧΟΓΙΑΝΝΗΣ ΗΛΙΑΣ
Βλαχογιάννης Ηλίας	ΗΛΙΑΣ ΒΛΑΧΟΓΙΑΝΝΗΣ
Βλάχος Γεώργιος	 ΓΕΩΡΓΙΟΣ ΒΛΑΧΟΣ
Βλάχος Γεώργιος	ΒΛΑΧΟΣ  ΓΕΩΡΓΙΟΣ
Βλάχος Γεώργιος	ΒΛΑΧΟΣ ΓΕΩΡΓΙΟΣ
Βλάχος Γεώργιος	ΓΕΩΡΓΙΟΣ ΒΛΑΧΟΣ
Βογιατζής Παύλος	 ΠΑΥΛΟΣ ΒΟΓΙΑΤΖΗΣ
Βογιατζής Παύλος	ΒΟΓΙΑΤΖΗΣ  ΠΑΥΛΟΣ
Βογιατζής Παύλος	ΒΟΓΙΑΤΖΗΣ ΠΑΥΛΟΣ
Βογιατζής Παύλος	ΠΑΥΛΟΣ ΒΟΓΙΑΤΖΗΣ
Βολουδάκης Μανούσος	 ΜΑΝΟΥΣΟΣ-ΚΩΝΣΤΑΝΤΙΝΟΣ ΒΟΛΟΥΔΑΚΗΣ
Βολουδάκης Μανούσος	ΒΟΛΟΥΔΑΚΗΣ  ΜΑΝΟΥΣΟΣ-ΚΩΝΣΤΑΝΤΙΝΟΣ
Βολουδάκης Μανούσος	ΒΟΛΟΥΔΑΚΗΣ ΜΑΝΟΥΣΟΣ
Βολουδάκης Μανούσος	ΜΑΝΟΥΣΟΣ ΒΟΛΟΥΔΑΚΗΣ
Βορίδης Μαυρουδής	 ΜΑΥΡΟΥΔΗΣ ΒΟΡΙΔΗΣ
Βορίδης Μαυρουδής	ΒΟΡΙΔΗΣ  ΜΑΥΡΟΥΔΗΣ
Βορίδης Μαυρουδής	ΒΟΡΙΔΗΣ ΜΑΥΡΟΥΔΗΣ
Βορίδης Μαυρουδής	ΜΑΥΡΟΥΔΗΣ ΒΟΡΙΔΗΣ
Βουδούρης Οδυσσεύς	 ΟΔΥΣΣΕΥΣ-ΝΙΚΟΣ ΒΟΥΔΟΥΡΗΣ
Βουδούρης Οδυσσεύς	ΒΟΥΔΟΥΡΗΣ  ΟΔΥΣΣΕΥΣ-ΝΙΚΟΣ
Βουδούρης Οδυσσεύς	ΒΟΥΔΟΥΡΗΣ ΟΔΥΣΣΕΥΣ
Βουδούρης Οδυσσεύς	ΟΔΥΣΣΕΥΣ ΒΟΥΔΟΥΡΗΣ
Βούλτεψη Σοφία	 ΣΟΦΙΑ ΒΟΥΛΤΕΨΗ
Βούλτεψη Σοφία	ΒΟΥΛΤΕΨΗ  ΣΟΦΙΑ
Βούλτεψη Σοφία	ΒΟΥΛΤΕΨΗ ΣΟΦΙΑ
Βούλτεψη Σοφία	ΣΟΦΙΑ ΒΟΥΛΤΕΨΗ
Βούτσης Νικόλαος	 ΝΙΚΟΛΑΟΣ ΒΟΥΤΣΗΣ
Βούτσης Νικόλαος	ΒΟΥΤΣΗΣ  ΝΙΚΟΛΑΟΣ
Βούτσης Νικόλαος	ΒΟΥΤΣΗΣ ΝΙΚΟΛΑΟΣ
Βούτσης Νικόλαος	ΝΙΚΟΛΑΟΣ ΒΟΥΤΣΗΣ
Βρούτσης Ιωάννης	 ΙΩΑΝΝΗΣ ΒΡΟΥΤΣΗΣ
Βρούτσης Ιωάννης	ΒΡΟΥΤΣΗΣ  ΙΩΑΝΝΗΣ
Βρούτσης Ιωάννης	ΒΡΟΥΤΣΗΣ ΙΩΑΝΝΗΣ
Βρούτσης Ιωάννης	ΙΩΑΝΝΗΣ ΒΡΟΥΤΣΗΣ
Γαϊτάνη Ιωάννα	 ΙΩΑΝΝΑ ΓΑΙΤΑΝΗ
Γαϊτάνη Ιωάννα	ΓΑΙΤΑΝΗ  ΙΩΑΝΝΑ
Γαϊτάνη Ιωάννα	ΓΑΪΤΑΝΗ ΙΩΑΝΝΑ
Γαϊτάνη Ιωάννα	ΙΩΑΝΝΑ ΓΑΪΤΑΝΗ
Γάκης Δημήτριος	 ΔΗΜΗΤΡΗΣ ΓΑΚΗΣ
Γάκης Δημήτριος	ΓΑΚΗΣ  ΔΗΜΗΤΡΗΣ
Γάκης Δημήτριος	ΓΑΚΗΣ ΔΗΜΗΤΡΙΟΣ
Γάκης Δημήτριος	ΔΗΜΗΤΡΙΟΣ ΓΑΚΗΣ
Γελαλής Δημήτρης	 ΔΗΜΗΤΡΗΣ ΓΕΛΑΛΗΣ
Γελαλής Δημήτρης	ΓΕΛΑΛΗΣ  ΔΗΜΗΤΡΗΣ
Γελαλής Δημήτρης	ΓΕΛΑΛΗΣ ΔΗΜΗΤΡΗΣ
Γελαλής Δημήτρης	ΔΗΜΗΤΡΗΣ ΓΕΛΑΛΗΣ
Γερασιμίδου Ελένη	 ΕΛΕΝΗ ΓΕΡΑΣΙΜΙΔΟΥ
Γερασιμίδου Ελένη	ΓΕΡΑΣΙΜΙΔΟΥ  ΕΛΕΝΗ
Γερασιμίδου Ελένη	ΓΕΡΑΣΙΜΙΔΟΥ ΕΛΕΝΗ
Γερασιμίδου Ελένη	ΕΛΕΝΗ ΓΕΡΑΣΙΜΙΔΟΥ
Γερμανίδης Αθανάσιος	 ΑΘΑΝΑΣΙΟΣ ΓΕΡΜΑΝΙΔΗΣ
Γερμανίδης Αθανάσιος	ΓΕΡΜΑΝΙΔΗΣ  ΑΘΑΝΑΣΙΟΣ
Γερμανίδης Αθανάσιος	ΓΕΡΜΑΝΙΔΗΣ ΑΘΑΝΑΣΙΟΣ
Γερμανίδης Αθανάσιος	ΑΘΑΝΑΣΙΟΣ ΓΕΡΜΑΝΙΔΗΣ
Γερμενής Γεώργιος	 ΓΕΩΡΓΙΟΣ ΓΕΡΜΕΝΗΣ
Γερμενής Γεώργιος	ΓΕΡΜΕΝΗΣ  ΓΕΩΡΓΙΟΣ
Γερμενής Γεώργιος	ΓΕΡΜΕΝΗΣ ΓΕΩΡΓΙΟΣ
Γερμενής Γεώργιος	ΓΕΩΡΓΙΟΣ ΓΕΡΜΕΝΗΣ
Γεροβασίλη Όλγα	 ΟΛΓΑ ΓΕΡΟΒΑΣΙΛΗ
Γεροβασίλη Όλγα	ΓΕΡΟΒΑΣΙΛΗ  ΟΛΓΑ
Γεροβασίλη Όλγα	ΓΕΡΟΒΑΣΙΛΗ ΟΛΓΑ
Γεροβασίλη Όλγα	ΟΛΓΑ ΓΕΡΟΒΑΣΙΛΗ
Γεροντόπουλος Κυριάκος	 ΚΥΡΙΑΚΟΣ ΓΕΡΟΝΤΟΠΟΥΛΟΣ
Γεροντόπουλος Κυριάκος	ΓΕΡΟΝΤΟΠΟΥΛΟΣ  ΚΥΡΙΑΚΟΣ
Γεροντόπουλος Κυριάκος	ΓΕΡΟΝΤΟΠΟΥΛΟΣ ΚΥΡΙΑΚΟΣ
Γεροντόπουλος Κυριάκος	ΚΥΡΙΑΚΟΣ ΓΕΡΟΝΤΟΠΟΥΛΟΣ
Γεωργαντάς Γεώργιος	 ΓΕΩΡΓΙΟΣ ΓΕΩΡΓΑΝΤΑΣ
Γεωργαντάς Γεώργιος	ΓΕΩΡΓΑΝΤΑΣ  ΓΕΩΡΓΙΟΣ
Γεωργαντάς Γεώργιος	ΓΕΩΡΓΑΝΤΑΣ ΓΕΩΡΓΙΟΣ
Γεωργαντάς Γεώργιος	ΓΕΩΡΓΙΟΣ ΓΕΩΡΓΑΝΤΑΣ
Γεωργιάδης Σπυρίδων	 ΣΠΥΡΙΔΩΝ-ΑΔΩΝΙΣ ΓΕΩΡΓΙΑΔΗΣ
Γεωργιάδης Σπυρίδων	ΓΕΩΡΓΙΑΔΗΣ  ΣΠΥΡΙΔΩΝ-ΑΔΩΝΙΣ
Γεωργιάδης Σπυρίδων	ΓΕΩΡΓΙΑΔΗΣ ΣΠΥΡΙΔΩΝ
Γεωργιάδης Σπυρίδων	ΣΠΥΡΙΔΩΝ ΓΕΩΡΓΙΑΔΗΣ
Γεωργοπούλου-Σαλτάρη Ευσταθία(	 ΕΥΣΤΑΘΙΑ ΓΕΩΡΓΟΠΟΥΛΟΥ-ΣΑΛΤΑΡΗ
Γεωργοπούλου-Σαλτάρη Ευσταθία(	ΓΕΩΡΓΟΠΟΥΛΟΥ-ΣΑΛΤΑΡΗ  ΕΥΣΤΑΘΙΑ
Γεωργοπούλου-Σαλτάρη Ευσταθία(	ΓΕΩΡΓΟΠΟΥΛΟΥ-ΣΑΛΤΑΡΗ ΕΥΣΤΑΘΙΑ(
Γεωργοπούλου-Σαλτάρη Ευσταθία(	ΕΥΣΤΑΘΙΑ( ΓΕΩΡΓΟΠΟΥΛΟΥ-ΣΑΛΤΑΡΗ
Γιακουμάτος Γεράσιμος	 ΓΕΡΑΣΙΜΟΣ ΓΙΑΚΟΥΜΑΤΟΣ
Γιακουμάτος Γεράσιμος	ΓΙΑΚΟΥΜΑΤΟΣ  ΓΕΡΑΣΙΜΟΣ
Γιακουμάτος Γεράσιμος	ΓΙΑΚΟΥΜΑΤΟΣ ΓΕΡΑΣΙΜΟΣ
Γιακουμάτος Γεράσιμος	ΓΕΡΑΣΙΜΟΣ ΓΙΑΚΟΥΜΑΤΟΣ
Γιαννακάκη Μαρία	 ΜΑΡΙΑ ΓΙΑΝΝΑΚΑΚΗ
Γιαννακάκη Μαρία	ΓΙΑΝΝΑΚΑΚΗ  ΜΑΡΙΑ
Γιαννακάκη Μαρία	ΓΙΑΝΝΑΚΑΚΗ ΜΑΡΙΑ
Γιαννακάκη Μαρία	ΜΑΡΙΑ ΓΙΑΝΝΑΚΑΚΗ
Γιαταγάνα Χρυσούλα	 ΧΡΥΣΟΥΛΑ-ΜΑΡΙΑ ΓΙΑΤΑΓΑΝΑ
Γιαταγάνα Χρυσούλα	ΓΙΑΤΑΓΑΝΑ  ΧΡΥΣΟΥΛΑ-ΜΑΡΙΑ
Γιαταγάνα Χρυσούλα	ΓΙΑΤΑΓΑΝΑ ΧΡΥΣΟΥΛΑ
Γιαταγάνα Χρυσούλα	ΧΡΥΣΟΥΛΑ ΓΙΑΤΑΓΑΝΑ
Γιοβανόπουλος Κωνσταντίνος	 ΚΩΝΣΤΑΝΤΙΝΟΣ ΓΙΟΒΑΝΟΠΟΥΛΟΣ
Γιοβανόπουλος Κωνσταντίνος	ΓΙΟΒΑΝΟΠΟΥΛΟΣ  ΚΩΝΣΤΑΝΤΙΝΟΣ
Γιοβανόπουλος Κωνσταντίνος	ΓΙΟΒΑΝΟΠΟΥΛΟΣ ΚΩΝΣΤΑΝΤΙΝΟΣ
Γιοβανόπουλος Κωνσταντίνος	ΚΩΝΣΤΑΝΤΙΝΟΣ ΓΙΟΒΑΝΟΠΟΥΛΟΣ
Γκερέκου Αγγελική	 ΑΝΤΖΕΛΑ ΓΚΕΡΕΚΟΥ
Γκερέκου Αγγελική	ΓΚΕΡΕΚΟΥ  ΑΝΤΖΕΛΑ
Γκερέκου Αγγελική	ΓΚΕΡΕΚΟΥ ΑΓΓΕΛΙΚΗ
Γκερέκου Αγγελική	ΑΓΓΕΛΙΚΗ ΓΚΕΡΕΚΟΥ
Ιωάννης Γκιόκας	 ΙΩΑΝΝΗΣ ΓΚΙΟΚΑΣ
Ιωάννης Γκιόκας	ΓΚΙΟΚΑΣ  ΙΩΑΝΝΗΣ
Ιωάννης Γκιόκας	ΙΩΑΝΝΗΣ ΓΚΙΟΚΑΣ
Ιωάννης Γκιόκας	ΓΚΙΟΚΑΣ ΙΩΑΝΝΗΣ
Γκιουλέκας Κωνσταντίνος	 ΚΩΝΣΤΑΝΤΙΝΟΣ ΓΚΙΟΥΛΕΚΑΣ
Γκιουλέκας Κωνσταντίνος	ΓΚΙΟΥΛΕΚΑΣ  ΚΩΝΣΤΑΝΤΙΝΟΣ
Γκιουλέκας Κωνσταντίνος	ΓΚΙΟΥΛΕΚΑΣ ΚΩΝΣΤΑΝΤΙΝΟΣ
Γκιουλέκας Κωνσταντίνος	ΚΩΝΣΤΑΝΤΙΝΟΣ ΓΚΙΟΥΛΕΚΑΣ
Γκόκας Χρήστος	 ΧΡΗΣΤΟΣ ΓΚΟΚΑΣ
Γκόκας Χρήστος	ΓΚΟΚΑΣ  ΧΡΗΣΤΟΣ
Γκόκας Χρήστος	ΓΚΟΚΑΣ ΧΡΗΣΤΟΣ
Γκόκας Χρήστος	ΧΡΗΣΤΟΣ ΓΚΟΚΑΣ
Εμμανουήλ Γλέζος	 ΕΜΜΑΝΟΥΗΛ ΓΛΕΖΟΣ
Εμμανουήλ Γλέζος	ΓΛΕΖΟΣ  ΕΜΜΑΝΟΥΗΛ
Εμμανουήλ Γλέζος	ΕΜΜΑΝΟΥΗΛ ΓΛΕΖΟΣ
Εμμανουήλ Γλέζος	ΓΛΕΖΟΣ ΕΜΜΑΝΟΥΗΛ
Γρέγος Αντώνιος	 ΑΝΤΩΝΙΟΣ ΓΡΕΓΟΣ
Γρέγος Αντώνιος	ΓΡΕΓΟΣ  ΑΝΤΩΝΙΟΣ
Γρέγος Αντώνιος	ΓΡΕΓΟΣ ΑΝΤΩΝΙΟΣ
Γρέγος Αντώνιος	ΑΝΤΩΝΙΟΣ ΓΡΕΓΟΣ
Δαβάκης Αθανάσιος	 ΛΕΩΝΙΔΑΣ ΓΡΗΓΟΡΑΚΟΣ
Δαβάκης Αθανάσιος	ΓΡΗΓΟΡΑΚΟΣ  ΛΕΩΝΙΔΑΣ
Δαβάκης Αθανάσιος	ΔΑΒΑΚΗΣ ΑΘΑΝΑΣΙΟΣ
Δαβάκης Αθανάσιος	ΑΘΑΝΑΣΙΟΣ ΔΑΒΑΚΗΣ
Αθανάσιος Δαβάκης	 ΑΘΑΝΑΣΙΟΣ ΔΑΒΑΚΗΣ
Αθανάσιος Δαβάκης	ΔΑΒΑΚΗΣ  ΑΘΑΝΑΣΙΟΣ
Αθανάσιος Δαβάκης	ΑΘΑΝΑΣΙΟΣ ΔΑΒΑΚΗΣ
Αθανάσιος Δαβάκης	ΔΑΒΑΚΗΣ ΑΘΑΝΑΣΙΟΣ
Δένδιας Νικόλαος	 ΝΙΚΟΛΑΟΣ-ΓΕΩΡΓΙΟΣ ΔΕΝΔΙΑΣ
Δένδιας Νικόλαος	ΔΕΝΔΙΑΣ  ΝΙΚΟΛΑΟΣ-ΓΕΩΡΓΙΟΣ
Δένδιας Νικόλαος	ΔΕΝΔΙΑΣ ΝΙΚΟΛΑΟΣ
Δένδιας Νικόλαος	ΝΙΚΟΛΑΟΣ ΔΕΝΔΙΑΣ
Αλέξανδρος Δερμεντζόπουλος	 ΑΛΕΞΑΝΔΡΟΣ ΔΕΡΜΕΝΤΖΟΠΟΥΛΟΣ
Αλέξανδρος Δερμεντζόπουλος	ΔΕΡΜΕΝΤΖΟΠΟΥΛΟΣ  ΑΛΕΞΑΝΔΡΟΣ
Αλέξανδρος Δερμεντζόπουλος	ΑΛΕΞΑΝΔΡΟΣ ΔΕΡΜΕΝΤΖΟΠΟΥΛΟΣ
Αλέξανδρος Δερμεντζόπουλος	ΔΕΡΜΕΝΤΖΟΠΟΥΛΟΣ ΑΛΕΞΑΝΔΡΟΣ
Δερμιτζάκης Κωνσταντίνος	 ΚΩΝΣΤΑΝΤΙΝΟΣ ΔΕΡΜΙΤΖΑΚΗΣ
Δερμιτζάκης Κωνσταντίνος	ΔΕΡΜΙΤΖΑΚΗΣ  ΚΩΝΣΤΑΝΤΙΝΟΣ
Δερμιτζάκης Κωνσταντίνος	ΔΕΡΜΙΤΖΑΚΗΣ ΚΩΝΣΤΑΝΤΙΝΟΣ
Δερμιτζάκης Κωνσταντίνος	ΚΩΝΣΤΑΝΤΙΝΟΣ ΔΕΡΜΙΤΖΑΚΗΣ
Δημαράς Ιωάννης	 ΙΩΑΝΝΗΣ ΔΗΜΑΡΑΣ
Δημαράς Ιωάννης	ΔΗΜΑΡΑΣ  ΙΩΑΝΝΗΣ
Δημαράς Ιωάννης	ΔΗΜΑΡΑΣ ΙΩΑΝΝΗΣ
Δημαράς Ιωάννης	ΙΩΑΝΝΗΣ ΔΗΜΑΡΑΣ
Δήμας Πύρρος	 ΠΥΡΡΟΣ ΔΗΜΑΣ
Δήμας Πύρρος	ΔΗΜΑΣ  ΠΥΡΡΟΣ
Δήμας Πύρρος	ΔΗΜΑΣ ΠΥΡΡΟΣ
Δήμας Πύρρος	ΠΥΡΡΟΣ ΔΗΜΑΣ
Δήμας Χρίστος	 ΧΡΙΣΤΟΣ ΔΗΜΑΣ
Δήμας Χρίστος	ΔΗΜΑΣ  ΧΡΙΣΤΟΣ
Δήμας Χρίστος	ΔΗΜΑΣ ΧΡΙΣΤΟΣ
Δήμας Χρίστος	ΧΡΙΣΤΟΣ ΔΗΜΑΣ
Διακάκη Μαρία	 ΜΑΡΙΑ ΔΙΑΚΑΚΗ
Διακάκη Μαρία	ΔΙΑΚΑΚΗ  ΜΑΡΙΑ
Διακάκη Μαρία	ΔΙΑΚΑΚΗ ΜΑΡΙΑ
Διακάκη Μαρία	ΜΑΡΙΑ ΔΙΑΚΑΚΗ
Διαμαντόπουλος Ευάγγελος	 ΕΥΑΓΓΕΛΟΣ ΔΙΑΜΑΝΤΟΠΟΥΛΟΣ
Διαμαντόπουλος Ευάγγελος	ΔΙΑΜΑΝΤΟΠΟΥΛΟΣ  ΕΥΑΓΓΕΛΟΣ
Διαμαντόπουλος Ευάγγελος	ΔΙΑΜΑΝΤΟΠΟΥΛΟΣ ΕΥΑΓΓΕΛΟΣ
Διαμαντόπουλος Ευάγγελος	ΕΥΑΓΓΕΛΟΣ ΔΙΑΜΑΝΤΟΠΟΥΛΟΣ
Διώτη Ηρώ	 ΗΡΩ ΔΙΩΤΗ
Διώτη Ηρώ	ΔΙΩΤΗ  ΗΡΩ
Διώτη Ηρώ	ΔΙΩΤΗ ΗΡΩ
Διώτη Ηρώ	ΗΡΩ ΔΙΩΤΗ
Δραγασάκης Ιωάννης	 ΓΙΑΝΝΗΣ ΔΡΑΓΑΣΑΚΗΣ
Δραγασάκης Ιωάννης	ΔΡΑΓΑΣΑΚΗΣ  ΓΙΑΝΝΗΣ
Δραγασάκης Ιωάννης	ΔΡΑΓΑΣΑΚΗΣ ΙΩΑΝΝΗΣ
Δραγασάκης Ιωάννης	ΙΩΑΝΝΗΣ ΔΡΑΓΑΣΑΚΗΣ
Δριβελέγκας Ιωάννης	 ΓΙΑΝΝΗΣ ΔΡΙΒΕΛΕΓΚΑΣ
Δριβελέγκας Ιωάννης	ΔΡΙΒΕΛΕΓΚΑΣ  ΓΙΑΝΝΗΣ
Δριβελέγκας Ιωάννης	ΔΡΙΒΕΛΕΓΚΑΣ ΙΩΑΝΝΗΣ
Δριβελέγκας Ιωάννης	ΙΩΑΝΝΗΣ ΔΡΙΒΕΛΕΓΚΑΣ
Δρίτσας Θεόδωρος	 ΘΕΟΔΩΡΟΣ ΔΡΙΤΣΑΣ
Δρίτσας Θεόδωρος	ΔΡΙΤΣΑΣ  ΘΕΟΔΩΡΟΣ
Δρίτσας Θεόδωρος	ΔΡΙΤΣΑΣ ΘΕΟΔΩΡΟΣ
Δρίτσας Θεόδωρος	ΘΕΟΔΩΡΟΣ ΔΡΙΤΣΑΣ
Δριτσέλη Παναγιώτα	 ΠΑΝΑΓΙΩΤΑ ΔΡΙΤΣΕΛΗ
Δριτσέλη Παναγιώτα	ΔΡΙΤΣΕΛΗ  ΠΑΝΑΓΙΩΤΑ
Δριτσέλη Παναγιώτα	ΔΡΙΤΣΕΛΗ ΠΑΝΑΓΙΩΤΑ
Δριτσέλη Παναγιώτα	ΠΑΝΑΓΙΩΤΑ ΔΡΙΤΣΕΛΗ
Ζαρούλια Ελένη	 ΕΛΕΝΗ ΖΑΡΟΥΛΙΑ
Ζαρούλια Ελένη	ΖΑΡΟΥΛΙΑ  ΕΛΕΝΗ
Ζαρούλια Ελένη	ΖΑΡΟΥΛΙΑ ΕΛΕΝΗ
Ζαρούλια Ελένη	ΕΛΕΝΗ ΖΑΡΟΥΛΙΑ
Ζαχαριάς Κωνσταντίνος	 ΚΩΝΣΤΑΝΤΙΝΟΣ ΖΑΧΑΡΙΑΣ
Ζαχαριάς Κωνσταντίνος	ΖΑΧΑΡΙΑΣ  ΚΩΝΣΤΑΝΤΙΝΟΣ
Ζαχαριάς Κωνσταντίνος	ΖΑΧΑΡΙΑΣ ΚΩΝΣΤΑΝΤΙΝΟΣ
Ζαχαριάς Κωνσταντίνος	ΚΩΝΣΤΑΝΤΙΝΟΣ ΖΑΧΑΡΙΑΣ
Ζεϊμπέκ Χουσεϊν	 ΧΟΥΣΕΙΝ ΖΕΙΜΠΕΚ
Ζεϊμπέκ Χουσεϊν	ΖΕΙΜΠΕΚ  ΧΟΥΣΕΙΝ
Ζεϊμπέκ Χουσεϊν	ΖΕΪΜΠΕΚ ΧΟΥΣΕΪΝ
Ζεϊμπέκ Χουσεϊν	ΧΟΥΣΕΪΝ ΖΕΪΜΠΕΚ
Ζερδελής Ιωάννης	 ΙΩΑΝΝΗΣ ΖΕΡΔΕΛΗΣ
Ζερδελής Ιωάννης	ΖΕΡΔΕΛΗΣ  ΙΩΑΝΝΗΣ
Ζερδελής Ιωάννης	ΖΕΡΔΕΛΗΣ ΙΩΑΝΝΗΣ
Ζερδελής Ιωάννης	ΙΩΑΝΝΗΣ ΖΕΡΔΕΛΗΣ
Ζησιμόπουλος Πολύβιος	 ΠΟΛΥΒΙΟΣ ΖΗΣΙΜΟΠΟΥΛΟΣ
Ζησιμόπουλος Πολύβιος	ΖΗΣΙΜΟΠΟΥΛΟΣ  ΠΟΛΥΒΙΟΣ
Ζησιμόπουλος Πολύβιος	ΖΗΣΙΜΟΠΟΥΛΟΣ ΠΟΛΥΒΙΟΣ
Ζησιμόπουλος Πολύβιος	ΠΟΛΥΒΙΟΣ ΖΗΣΙΜΟΠΟΥΛΟΣ
Ηλιόπουλος Παναγιώτης	 ΠΑΝΑΓΙΩΤΗΣ ΗΛΙΟΠΟΥΛΟΣ
Ηλιόπουλος Παναγιώτης	ΗΛΙΟΠΟΥΛΟΣ  ΠΑΝΑΓΙΩΤΗΣ
Ηλιόπουλος Παναγιώτης	ΗΛΙΟΠΟΥΛΟΣ ΠΑΝΑΓΙΩΤΗΣ
Ηλιόπουλος Παναγιώτης	ΠΑΝΑΓΙΩΤΗΣ ΗΛΙΟΠΟΥΛΟΣ
Θεοπεφτάτου Αφροδίτη	 ΑΦΡΟΔΙΤΗ ΘΕΟΠΕΦΤΑΤΟΥ
Θεοπεφτάτου Αφροδίτη	ΘΕΟΠΕΦΤΑΤΟΥ  ΑΦΡΟΔΙΤΗ
Θεοπεφτάτου Αφροδίτη	ΘΕΟΠΕΦΤΑΤΟΥ ΑΦΡΟΔΙΤΗ
Θεοπεφτάτου Αφροδίτη	ΑΦΡΟΔΙΤΗ ΘΕΟΠΕΦΤΑΤΟΥ
Ιατρίδη Τσαμπίκα	 ΤΣΑΜΠΙΚΑ ΙΑΤΡΙΔΗ
Ιατρίδη Τσαμπίκα	ΙΑΤΡΙΔΗ  ΤΣΑΜΠΙΚΑ
Ιατρίδη Τσαμπίκα	ΙΑΤΡΙΔΗ ΤΣΑΜΠΙΚΑ
Ιατρίδη Τσαμπίκα	ΤΣΑΜΠΙΚΑ ΙΑΤΡΙΔΗ
Αικατερίνη Ιγγλέζη 	 ΑΙΚΑΤΕΡΙΝΗ ΙΓΓΛΕΖΗ
Αικατερίνη Ιγγλέζη 	ΙΓΓΛΕΖΗ  ΑΙΚΑΤΕΡΙΝΗ
Αικατερίνη Ιγγλέζη 	ΑΙΚΑΤΕΡΙΝΗ ΙΓΓΛΕΖΗ 
Αικατερίνη Ιγγλέζη 	ΙΓΓΛΕΖΗ ΑΙΚΑΤΕΡΙΝΗ
Ιωαννίδης Ιωάννης	 ΙΩΑΝΝΗΣ ΙΩΑΝΝΙΔΗΣ
Ιωαννίδης Ιωάννης	ΙΩΑΝΝΙΔΗΣ  ΙΩΑΝΝΗΣ
Ιωαννίδης Ιωάννης	ΙΩΑΝΝΙΔΗΣ ΙΩΑΝΝΗΣ
Ιωαννίδης Ιωάννης	ΙΩΑΝΝΗΣ ΙΩΑΝΝΙΔΗΣ
Κακλαμάνης Νικήτας	 ΑΠΟΣΤΟΛΟΣ ΚΑΚΛΑΜΑΝΗΣ
Κακλαμάνης Νικήτας	ΚΑΚΛΑΜΑΝΗΣ  ΑΠΟΣΤΟΛΟΣ
Κακλαμάνης Νικήτας	ΚΑΚΛΑΜΑΝΗΣ ΝΙΚΗΤΑΣ
Κακλαμάνης Νικήτας	ΝΙΚΗΤΑΣ ΚΑΚΛΑΜΑΝΗΣ
Κακλαμάνης Απόστολος	 ΝΙΚΗΤΑΣ ΚΑΚΛΑΜΑΝΗΣ
Κακλαμάνης Απόστολος	ΚΑΚΛΑΜΑΝΗΣ  ΝΙΚΗΤΑΣ
Κακλαμάνης Απόστολος	ΚΑΚΛΑΜΑΝΗΣ ΑΠΟΣΤΟΛΟΣ
Κακλαμάνης Απόστολος	ΑΠΟΣΤΟΛΟΣ ΚΑΚΛΑΜΑΝΗΣ
Καλαντζής Γεώργιος	 ΓΕΩΡΓΙΟΣ ΚΑΛΑΝΤΖΗΣ
Καλαντζής Γεώργιος	ΚΑΛΑΝΤΖΗΣ  ΓΕΩΡΓΙΟΣ
Καλαντζής Γεώργιος	ΚΑΛΑΝΤΖΗΣ ΓΕΩΡΓΙΟΣ
Καλαντζής Γεώργιος	ΓΕΩΡΓΙΟΣ ΚΑΛΑΝΤΖΗΣ
Καλαφάτης Σταύρος	 ΣΤΑΥΡΟΣ ΚΑΛΑΦΑΤΗΣ
Καλαφάτης Σταύρος	ΚΑΛΑΦΑΤΗΣ  ΣΤΑΥΡΟΣ
Καλαφάτης Σταύρος	ΚΑΛΑΦΑΤΗΣ ΣΤΑΥΡΟΣ
Καλαφάτης Σταύρος	ΣΤΑΥΡΟΣ ΚΑΛΑΦΑΤΗΣ
Καλογερή Αγνή	 ΑΓΝΗ ΚΑΛΟΓΕΡΗ
Καλογερή Αγνή	ΚΑΛΟΓΕΡΗ  ΑΓΝΗ
Καλογερή Αγνή	ΚΑΛΟΓΕΡΗ ΑΓΝΗ
Καλογερή Αγνή	ΑΓΝΗ ΚΑΛΟΓΕΡΗ
Καλογιάννης Σταύρος	 ΣΤΑΥΡΟΣ ΚΑΛΟΓΙΑΝΝΗΣ
Καλογιάννης Σταύρος	ΚΑΛΟΓΙΑΝΝΗΣ  ΣΤΑΥΡΟΣ
Καλογιάννης Σταύρος	ΚΑΛΟΓΙΑΝΝΗΣ ΣΤΑΥΡΟΣ
Καλογιάννης Σταύρος	ΣΤΑΥΡΟΣ ΚΑΛΟΓΙΑΝΝΗΣ
Καμμένος Παναγιώτης	 ΠΑΝΑΓΙΩΤΗΣ ΚΑΜΜΕΝΟΣ
Καμμένος Παναγιώτης	ΚΑΜΜΕΝΟΣ  ΠΑΝΑΓΙΩΤΗΣ
Καμμένος Παναγιώτης	ΚΑΜΜΕΝΟΣ ΠΑΝΑΓΙΩΤΗΣ
Καμμένος Παναγιώτης	ΠΑΝΑΓΙΩΤΗΣ ΚΑΜΜΕΝΟΣ
Κανέλλη Γαρυφαλλιά	 ΓΑΡΥΦΑΛΛΙΑ ΚΑΝΕΛΛΗ
Κανέλλη Γαρυφαλλιά	ΚΑΝΕΛΛΗ  ΓΑΡΥΦΑΛΛΙΑ
Κανέλλη Γαρυφαλλιά	ΚΑΝΕΛΛΗ ΓΑΡΥΦΑΛΛΙΑ
Κανέλλη Γαρυφαλλιά	ΓΑΡΥΦΑΛΛΙΑ ΚΑΝΕΛΛΗ
Κανελλοπούλου Μαρία	 ΜΑΡΙΑ ΚΑΝΕΛΛΟΠΟΥΛΟΥ
Κανελλοπούλου Μαρία	ΚΑΝΕΛΛΟΠΟΥΛΟΥ  ΜΑΡΙΑ
Κανελλοπούλου Μαρία	ΚΑΝΕΛΛΟΠΟΥΛΟΥ ΜΑΡΙΑ
Κανελλοπούλου Μαρία	ΜΑΡΙΑ ΚΑΝΕΛΛΟΠΟΥΛΟΥ
Καπερνάρος Βασίλειος	 ΒΑΣΙΛΕΙΟΣ ΚΑΠΕΡΝΑΡΟΣ
Καπερνάρος Βασίλειος	ΚΑΠΕΡΝΑΡΟΣ  ΒΑΣΙΛΕΙΟΣ
Καπερνάρος Βασίλειος	ΚΑΠΕΡΝΑΡΟΣ ΒΑΣΙΛΕΙΟΣ
Καπερνάρος Βασίλειος	ΒΑΣΙΛΕΙΟΣ ΚΑΠΕΡΝΑΡΟΣ
Καρά Μεμέτ	 ΑΙΧΑΝ ΚΑΡΑ ΓΙΟΥΣΟΥΦ
Καρά Μεμέτ	ΚΑΡΑ ΓΙΟΥΣΟΥΦ  ΑΙΧΑΝ
Καρά Μεμέτ	ΚΑΡΑ ΜΕΜΕΤ
Καρά Μεμέτ	ΜΕΜΕΤ ΚΑΡΑ
Καραγιαννίδης Χρήστος	 ΧΡΗΣΤΟΣ ΚΑΡΑΓΙΑΝΝΙΔΗΣ
Καραγιαννίδης Χρήστος	ΚΑΡΑΓΙΑΝΝΙΔΗΣ  ΧΡΗΣΤΟΣ
Καραγιαννίδης Χρήστος	ΚΑΡΑΓΙΑΝΝΙΔΗΣ ΧΡΗΣΤΟΣ
Καραγιαννίδης Χρήστος	ΧΡΗΣΤΟΣ ΚΑΡΑΓΙΑΝΝΙΔΗΣ
Καραγκούνης Κωνσταντίνος	 ΚΩΝΣΤΑΝΤΙΝΟΣ ΚΑΡΑΓΚΟΥΝΗΣ
Καραγκούνης Κωνσταντίνος	ΚΑΡΑΓΚΟΥΝΗΣ  ΚΩΝΣΤΑΝΤΙΝΟΣ
Καραγκούνης Κωνσταντίνος	ΚΑΡΑΓΚΟΥΝΗΣ ΚΩΝΣΤΑΝΤΙΝΟΣ
Καραγκούνης Κωνσταντίνος	ΚΩΝΣΤΑΝΤΙΝΟΣ ΚΑΡΑΓΚΟΥΝΗΣ
Καραθανασόπουλος Νικόλαος	 ΝΙΚΟΛΑΟΣ ΚΑΡΑΘΑΝΑΣΟΠΟΥΛΟΣ
Καραθανασόπουλος Νικόλαος	ΚΑΡΑΘΑΝΑΣΟΠΟΥΛΟΣ  ΝΙΚΟΛΑΟΣ
Καραθανασόπουλος Νικόλαος	ΚΑΡΑΘΑΝΑΣΟΠΟΥΛΟΣ ΝΙΚΟΛΑΟΣ
Καραθανασόπουλος Νικόλαος	ΝΙΚΟΛΑΟΣ ΚΑΡΑΘΑΝΑΣΟΠΟΥΛΟΣ
Καραμανλή Άννα	 ΆΝΝΑ ΚΑΡΑΜΑΝΛΉ
Καραμανλή Άννα	ΚΑΡΑΜΑΝΛΉ  ΆΝΝΑ
Καραμανλή Άννα	ΚΑΡΑΜΑΝΛΗ ΑΝΝΑ
Καραμανλή Άννα	ΑΝΝΑ ΚΑΡΑΜΑΝΛΗ
Καραμανλής Κωνσταντίνος	 ΚΩΝΣΤΑΝΤΙΝΟΣ ΚΑΡΑΜΑΝΛΗΣ
Καραμανλής Κωνσταντίνος	ΚΑΡΑΜΑΝΛΗΣ  ΚΩΝΣΤΑΝΤΙΝΟΣ
Καραμανλής Κωνσταντίνος	ΚΑΡΑΜΑΝΛΗΣ ΚΩΝΣΤΑΝΤΙΝΟΣ
Καραμανλής Κωνσταντίνος	ΚΩΝΣΤΑΝΤΙΝΟΣ ΚΑΡΑΜΑΝΛΗΣ
Καράμπελας Ιωάννης	 ΙΩΑΝΝΗΣ ΚΑΡΑΜΠΕΛΑΣ
Καράμπελας Ιωάννης	ΚΑΡΑΜΠΕΛΑΣ  ΙΩΑΝΝΗΣ
Καράμπελας Ιωάννης	ΚΑΡΑΜΠΕΛΑΣ ΙΩΑΝΝΗΣ
Καράμπελας Ιωάννης	ΙΩΑΝΝΗΣ ΚΑΡΑΜΠΕΛΑΣ
Καρανάσιος Ευθύμιος	 ΕΥΘΥΜΙΟΣ ΚΑΡΑΝΑΣΙΟΣ
Καρανάσιος Ευθύμιος	ΚΑΡΑΝΑΣΙΟΣ  ΕΥΘΥΜΙΟΣ
Καρανάσιος Ευθύμιος	ΚΑΡΑΝΑΣΙΟΣ ΕΥΘΥΜΙΟΣ
Καρανάσιος Ευθύμιος	ΕΥΘΥΜΙΟΣ ΚΑΡΑΝΑΣΙΟΣ
Καράογλου Θεόδωρος	 ΘΕΟΔΩΡΟΣ ΚΑΡΑΟΓΛΟΥ
Καράογλου Θεόδωρος	ΚΑΡΑΟΓΛΟΥ  ΘΕΟΔΩΡΟΣ
Καράογλου Θεόδωρος	ΚΑΡΑΟΓΛΟΥ ΘΕΟΔΩΡΟΣ
Καράογλου Θεόδωρος	ΘΕΟΔΩΡΟΣ ΚΑΡΑΟΓΛΟΥ
Καρασμάνης Γεώργιος	 ΓΕΩΡΓΙΟΣ ΚΑΡΑΣΜΑΝΗΣ
Καρασμάνης Γεώργιος	ΚΑΡΑΣΜΑΝΗΣ  ΓΕΩΡΓΙΟΣ
Καρασμάνης Γεώργιος	ΚΑΡΑΣΜΑΝΗΣ ΓΕΩΡΓΙΟΣ
Καρασμάνης Γεώργιος	ΓΕΩΡΓΙΟΣ ΚΑΡΑΣΜΑΝΗΣ
Κασαπίδης Γεώργιος	 ΓΕΩΡΓΙΟΣ ΚΑΣΑΠΙΔΗΣ
Κασαπίδης Γεώργιος	ΚΑΣΑΠΙΔΗΣ  ΓΕΩΡΓΙΟΣ
Κασαπίδης Γεώργιος	ΚΑΣΑΠΙΔΗΣ ΓΕΩΡΓΙΟΣ
Κασαπίδης Γεώργιος	ΓΕΩΡΓΙΟΣ ΚΑΣΑΠΙΔΗΣ
Κασιδιάρης Ηλίας	 ΗΛΙΑΣ ΚΑΣΙΔΙΑΡΗΣ
Κασιδιάρης Ηλίας	ΚΑΣΙΔΙΑΡΗΣ  ΗΛΙΑΣ
Κασιδιάρης Ηλίας	ΚΑΣΙΔΙΑΡΗΣ ΗΛΙΑΣ
Κασιδιάρης Ηλίας	ΗΛΙΑΣ ΚΑΣΙΔΙΑΡΗΣ
Κασσής Μιχαήλ	 ΜΙΧΑΗΛ ΚΑΣΣΗΣ
Κασσής Μιχαήλ	ΚΑΣΣΗΣ  ΜΙΧΑΗΛ
Κασσής Μιχαήλ	ΚΑΣΣΗΣ ΜΙΧΑΗΛ
Κασσής Μιχαήλ	ΜΙΧΑΗΛ ΚΑΣΣΗΣ
Κατριβάνου Βασιλική	 ΒΑΣΙΛΙΚΗ ΚΑΤΡΙΒΑΝΟΥ
Κατριβάνου Βασιλική	ΚΑΤΡΙΒΑΝΟΥ  ΒΑΣΙΛΙΚΗ
Κατριβάνου Βασιλική	ΚΑΤΡΙΒΑΝΟΥ ΒΑΣΙΛΙΚΗ
Κατριβάνου Βασιλική	ΒΑΣΙΛΙΚΗ ΚΑΤΡΙΒΑΝΟΥ
Κατσαφάδος Κωνσταντίνος	 ΚΩΝΣΤΑΝΤΙΝΟΣ ΚΑΤΣΑΦΑΔΟΣ
Κατσαφάδος Κωνσταντίνος	ΚΑΤΣΑΦΑΔΟΣ  ΚΩΝΣΤΑΝΤΙΝΟΣ
Κατσαφάδος Κωνσταντίνος	ΚΑΤΣΑΦΑΔΟΣ ΚΩΝΣΤΑΝΤΙΝΟΣ
Κατσαφάδος Κωνσταντίνος	ΚΩΝΣΤΑΝΤΙΝΟΣ ΚΑΤΣΑΦΑΔΟΣ
Κατσώτης Χρήστος	 ΧΡΗΣΤΟΣ ΚΑΤΣΩΤΗΣ
Κατσώτης Χρήστος	ΚΑΤΣΩΤΗΣ  ΧΡΗΣΤΟΣ
Κατσώτης Χρήστος	ΚΑΤΣΩΤΗΣ ΧΡΗΣΤΟΣ
Κατσώτης Χρήστος	ΧΡΗΣΤΟΣ ΚΑΤΣΩΤΗΣ
Καφαντάρη Χαρούλα	 ΧΑΡΟΥΛΑ ΚΑΦΑΝΤΑΡΗ
Καφαντάρη Χαρούλα	ΚΑΦΑΝΤΑΡΗ  ΧΑΡΟΥΛΑ
Καφαντάρη Χαρούλα	ΚΑΦΑΝΤΑΡΗ ΧΑΡΟΥΛΑ
Καφαντάρη Χαρούλα	ΧΑΡΟΥΛΑ ΚΑΦΑΝΤΑΡΗ
Κεγκέρογλου Βασίλειος	 ΒΑΣΙΛΕΙΟΣ ΚΕΓΚΕΡΟΓΛΟΥ
Κεγκέρογλου Βασίλειος	ΚΕΓΚΕΡΟΓΛΟΥ  ΒΑΣΙΛΕΙΟΣ
Κεγκέρογλου Βασίλειος	ΚΕΓΚΕΡΟΓΛΟΥ ΒΑΣΙΛΕΙΟΣ
Κεγκέρογλου Βασίλειος	ΒΑΣΙΛΕΙΟΣ ΚΕΓΚΕΡΟΓΛΟΥ
Κεδίκογλου Συμεών	 ΣΊΜΟΣ ΚΕΔΙΚΟΓΛΟΥ
Κεδίκογλου Συμεών	ΚΕΔΙΚΟΓΛΟΥ  ΣΊΜΟΣ
Κεδίκογλου Συμεών	ΚΕΔΙΚΟΓΛΟΥ ΣΥΜΕΩΝ
Κεδίκογλου Συμεών	ΣΥΜΕΩΝ ΚΕΔΙΚΟΓΛΟΥ
Κεδίκογλου Συμεών	 ΣΥΜΕΩΝ ΚΕΔΙΚΟΓΛΟΥ
Κεδίκογλου Συμεών	ΚΕΔΙΚΟΓΛΟΥ  ΣΥΜΕΩΝ
Κεδίκογλου Συμεών	ΚΕΔΙΚΟΓΛΟΥ ΣΥΜΕΩΝ
Κεδίκογλου Συμεών	ΣΥΜΕΩΝ ΚΕΔΙΚΟΓΛΟΥ
Κέλλας Χρήστος	 ΧΡΗΣΤΟΣ ΚΕΛΛΑΣ
Κέλλας Χρήστος	ΚΕΛΛΑΣ  ΧΡΗΣΤΟΣ
Κέλλας Χρήστος	ΚΕΛΛΑΣ ΧΡΗΣΤΟΣ
Κέλλας Χρήστος	ΧΡΗΣΤΟΣ ΚΕΛΛΑΣ
Κεφαλογιάννη Όλγα	 ΟΛΓΑ ΚΕΦΑΛΟΓΙΑΝΝΗ
Κεφαλογιάννη Όλγα	ΚΕΦΑΛΟΓΙΑΝΝΗ  ΟΛΓΑ
Κεφαλογιάννη Όλγα	ΚΕΦΑΛΟΓΙΑΝΝΗ ΟΛΓΑ
Κεφαλογιάννη Όλγα	ΟΛΓΑ ΚΕΦΑΛΟΓΙΑΝΝΗ
Εμμανουήλ Κεφαλογιάννης	 ΕΜΜΑΝΟΥΗΛ ΚΕΦΑΛΟΓΙΑΝΝΗΣ
Εμμανουήλ Κεφαλογιάννης	ΚΕΦΑΛΟΓΙΑΝΝΗΣ  ΕΜΜΑΝΟΥΗΛ
Εμμανουήλ Κεφαλογιάννης	ΕΜΜΑΝΟΥΗΛ ΚΕΦΑΛΟΓΙΑΝΝΗΣ
Εμμανουήλ Κεφαλογιάννης	ΚΕΦΑΛΟΓΙΑΝΝΗΣ ΕΜΜΑΝΟΥΗΛ
Κεφαλογιάννης Ιωάννης	 ΙΩΑΝΝΗΣ ΚΕΦΑΛΟΓΙΑΝΝΗΣ
Κεφαλογιάννης Ιωάννης	ΚΕΦΑΛΟΓΙΑΝΝΗΣ  ΙΩΑΝΝΗΣ
Κεφαλογιάννης Ιωάννης	ΚΕΦΑΛΟΓΙΑΝΝΗΣ ΙΩΑΝΝΗΣ
Κεφαλογιάννης Ιωάννης	ΙΩΑΝΝΗΣ ΚΕΦΑΛΟΓΙΑΝΝΗΣ
Κικίλιας Βασίλειος	 ΒΑΣΙΛΕΙΟΣ ΚΙΚΙΛΙΑΣ
Κικίλιας Βασίλειος	ΚΙΚΙΛΙΑΣ  ΒΑΣΙΛΕΙΟΣ
Κικίλιας Βασίλειος	ΚΙΚΙΛΙΑΣ ΒΑΣΙΛΕΙΟΣ
Κικίλιας Βασίλειος	ΒΑΣΙΛΕΙΟΣ ΚΙΚΙΛΙΑΣ
Κλειτσιώτης Κωνσταντίνος	 ΚΩΝΣΤΑΝΤΙΝΟΣ ΚΛΕΙΤΣΙΏΤΗΣ
Κλειτσιώτης Κωνσταντίνος	ΚΛΕΙΤΣΙΏΤΗΣ  ΚΩΝΣΤΑΝΤΙΝΟΣ
Κλειτσιώτης Κωνσταντίνος	ΚΛΕΙΤΣΙΩΤΗΣ ΚΩΝΣΤΑΝΤΙΝΟΣ
Κλειτσιώτης Κωνσταντίνος	ΚΩΝΣΤΑΝΤΙΝΟΣ ΚΛΕΙΤΣΙΩΤΗΣ
Κοδέλας Δημήτριος	 ΔΗΜΗΤΡΙΟΣ ΚΟΔΕΛΑΣ
Κοδέλας Δημήτριος	ΚΟΔΕΛΑΣ  ΔΗΜΗΤΡΙΟΣ
Κοδέλας Δημήτριος	ΚΟΔΕΛΑΣ ΔΗΜΗΤΡΙΟΣ
Κοδέλας Δημήτριος	ΔΗΜΗΤΡΙΟΣ ΚΟΔΕΛΑΣ
Μαρία Κόλλια-Τσαρουχά	 ΜΑΡΙΑ ΚΟΛΛΙΑ-ΤΣΑΡΟΥΧΑ
Μαρία Κόλλια-Τσαρουχά	ΚΟΛΛΙΑ-ΤΣΑΡΟΥΧΑ  ΜΑΡΙΑ
Μαρία Κόλλια-Τσαρουχά	ΜΑΡΙΑ ΚΟΛΛΙΑ-ΤΣΑΡΟΥΧΑ
Μαρία Κόλλια-Τσαρουχά	ΚΟΛΛΙΑ-ΤΣΑΡΟΥΧΑ ΜΑΡΙΑ
Κόλλιας Κωνσταντίνος	 ΚΩΝΣΤΑΝΤΙΝΟΣ ΚΟΛΛΙΑΣ
Κόλλιας Κωνσταντίνος	ΚΟΛΛΙΑΣ  ΚΩΝΣΤΑΝΤΙΝΟΣ
Κόλλιας Κωνσταντίνος	ΚΟΛΛΙΑΣ ΚΩΝΣΤΑΝΤΙΝΟΣ
Κόλλιας Κωνσταντίνος	ΚΩΝΣΤΑΝΤΙΝΟΣ ΚΟΛΛΙΑΣ
Κόνσολας Εμμανουήλ	 ΕΜΜΑΝΟΥΗΛ ΚΟΝΣΟΛΑΣ
Κόνσολας Εμμανουήλ	ΚΟΝΣΟΛΑΣ  ΕΜΜΑΝΟΥΗΛ
Κόνσολας Εμμανουήλ	ΚΟΝΣΟΛΑΣ ΕΜΜΑΝΟΥΗΛ
Κόνσολας Εμμανουήλ	ΕΜΜΑΝΟΥΗΛ ΚΟΝΣΟΛΑΣ
Κοντογεώργος Κωνσταντίνος	 ΚΩΝΣΤΑΝΤΙΝΟΣ ΚΟΝΤΟΓΕΩΡΓΟΣ
Κοντογεώργος Κωνσταντίνος	ΚΟΝΤΟΓΕΩΡΓΟΣ  ΚΩΝΣΤΑΝΤΙΝΟΣ
Κοντογεώργος Κωνσταντίνος	ΚΟΝΤΟΓΕΩΡΓΟΣ ΚΩΝΣΤΑΝΤΙΝΟΣ
Κοντογεώργος Κωνσταντίνος	ΚΩΝΣΤΑΝΤΙΝΟΣ ΚΟΝΤΟΓΕΩΡΓΟΣ
Κοντογιάννης Γεώργιος	 ΓΕΩΡΓΙΟΣ ΚΟΝΤΟΓΙΑΝΝΗΣ
Κοντογιάννης Γεώργιος	ΚΟΝΤΟΓΙΑΝΝΗΣ  ΓΕΩΡΓΙΟΣ
Κοντογιάννης Γεώργιος	ΚΟΝΤΟΓΙΑΝΝΗΣ ΓΕΩΡΓΙΟΣ
Κοντογιάννης Γεώργιος	ΓΕΩΡΓΙΟΣ ΚΟΝΤΟΓΙΑΝΝΗΣ
Κοντονής Χαράλαμπος-Σταύρος	 ΣΤΑΥΡΟΣ ΚΟΝΤΟΝΗΣ
Κοντονής Χαράλαμπος-Σταύρος	ΚΟΝΤΟΝΗΣ  ΣΤΑΥΡΟΣ
Κοντονής Χαράλαμπος-Σταύρος	ΚΟΝΤΟΝΗΣ ΧΑΡΑΛΑΜΠΟΣ-ΣΤΑΥΡΟΣ
Κοντονής Χαράλαμπος-Σταύρος	ΧΑΡΑΛΑΜΠΟΣ-ΣΤΑΥΡΟΣ ΚΟΝΤΟΝΗΣ
Κοντός Αλέξανδρος	 ΑΛΕΞΑΝΔΡΟΣ ΚΟΝΤΟΣ
Κοντός Αλέξανδρος	ΚΟΝΤΟΣ  ΑΛΕΞΑΝΔΡΟΣ
Κοντός Αλέξανδρος	ΚΟΝΤΟΣ ΑΛΕΞΑΝΔΡΟΣ
Κοντός Αλέξανδρος	ΑΛΕΞΑΝΔΡΟΣ ΚΟΝΤΟΣ
Κουβέλης Φώτιος	 ΦΩΤΙΟΣ-ΦΑΝΟΥΡΙΟΣ ΚΟΥΒΕΛΗΣ
Κουβέλης Φώτιος	ΚΟΥΒΕΛΗΣ  ΦΩΤΙΟΣ-ΦΑΝΟΥΡΙΟΣ
Κουβέλης Φώτιος	ΚΟΥΒΕΛΗΣ ΦΩΤΙΟΣ
Κουβέλης Φώτιος	ΦΩΤΙΟΣ ΚΟΥΒΕΛΗΣ
Κούζηλος Νικόλαος	 ΝΙΚΟΛΑΟΣ ΚΟΥΖΗΛΟΣ
Κούζηλος Νικόλαος	ΚΟΥΖΗΛΟΣ  ΝΙΚΟΛΑΟΣ
Κούζηλος Νικόλαος	ΚΟΥΖΗΛΟΣ ΝΙΚΟΛΑΟΣ
Κούζηλος Νικόλαος	ΝΙΚΟΛΑΟΣ ΚΟΥΖΗΛΟΣ
Κουίκ Τέρενς	 ΤΕΡΕΝΣ-ΣΠΕΝΣΕΡ-ΝΙΚΟΛΑΟΣ ΚΟΥΙΚ
Κουίκ Τέρενς	ΚΟΥΙΚ  ΤΕΡΕΝΣ-ΣΠΕΝΣΕΡ-ΝΙΚΟΛΑΟΣ
Κουίκ Τέρενς	ΚΟΥΙΚ ΤΕΡΕΝΣ
Κουίκ Τέρενς	ΤΕΡΕΝΣ ΚΟΥΙΚ
Κουκοδήμος Κωνσταντίνος	 ΚΩΝΣΤΑΝΤΙΝΟΣ ΚΟΥΚΟΔΗΜΟΣ
Κουκοδήμος Κωνσταντίνος	ΚΟΥΚΟΔΗΜΟΣ  ΚΩΝΣΤΑΝΤΙΝΟΣ
Κουκοδήμος Κωνσταντίνος	ΚΟΥΚΟΔΗΜΟΣ ΚΩΝΣΤΑΝΤΙΝΟΣ
Κουκοδήμος Κωνσταντίνος	ΚΩΝΣΤΑΝΤΙΝΟΣ ΚΟΥΚΟΔΗΜΟΣ
Κουκουλόπουλος Παρασκευάς	 ΠΑΡΑΣΚΕΥΑΣ ΚΟΥΚΟΥΛΟΠΟΥΛΟΣ
Κουκουλόπουλος Παρασκευάς	ΚΟΥΚΟΥΛΟΠΟΥΛΟΣ  ΠΑΡΑΣΚΕΥΑΣ
Κουκουλόπουλος Παρασκευάς	ΚΟΥΚΟΥΛΟΠΟΥΛΟΣ ΠΑΡΑΣΚΕΥΑΣ
Κουκουλόπουλος Παρασκευάς	ΠΑΡΑΣΚΕΥΑΣ ΚΟΥΚΟΥΛΟΠΟΥΛΟΣ
Κουκούτσης Δημήτριος	 ΔΗΜΗΤΡΙΟΣ ΚΟΥΚΟΥΤΣΗΣ
Κουκούτσης Δημήτριος	ΚΟΥΚΟΥΤΣΗΣ  ΔΗΜΗΤΡΙΟΣ
Κουκούτσης Δημήτριος	ΚΟΥΚΟΥΤΣΗΣ ΔΗΜΗΤΡΙΟΣ
Κουκούτσης Δημήτριος	ΔΗΜΗΤΡΙΟΣ ΚΟΥΚΟΥΤΣΗΣ
Κουντουρά Έλενα	 ΕΛΕΝΑ ΚΟΥΝΤΟΥΡΑ
Κουντουρά Έλενα	ΚΟΥΝΤΟΥΡΑ  ΕΛΕΝΑ
Κουντουρά Έλενα	ΚΟΥΝΤΟΥΡΑ ΕΛΕΝΑ
Κουντουρά Έλενα	ΕΛΕΝΑ ΚΟΥΝΤΟΥΡΑ
Κουράκης Αναστάσιος	 ΑΝΑΣΤΑΣΙΟΣ ΚΟΥΡΑΚΗΣ
Κουράκης Αναστάσιος	ΚΟΥΡΑΚΗΣ  ΑΝΑΣΤΑΣΙΟΣ
Κουράκης Αναστάσιος	ΚΟΥΡΑΚΗΣ ΑΝΑΣΤΑΣΙΟΣ
Κουράκης Αναστάσιος	ΑΝΑΣΤΑΣΙΟΣ ΚΟΥΡΑΚΗΣ
Κουράκος Ιωάννης	 ΙΩΑΝΝΗΣ ΚΟΥΡΑΚΟΣ
Κουράκος Ιωάννης	ΚΟΥΡΑΚΟΣ  ΙΩΑΝΝΗΣ
Κουράκος Ιωάννης	ΚΟΥΡΑΚΟΣ ΙΩΑΝΝΗΣ
Κουράκος Ιωάννης	ΙΩΑΝΝΗΣ ΚΟΥΡΑΚΟΣ
Κουρουμπλής Παναγιώτης	 ΠΑΝΑΓΙΩΤΗΣ ΚΟΥΡΟΥΜΠΛΗΣ
Κουρουμπλής Παναγιώτης	ΚΟΥΡΟΥΜΠΛΗΣ  ΠΑΝΑΓΙΩΤΗΣ
Κουρουμπλής Παναγιώτης	ΚΟΥΡΟΥΜΠΛΗΣ ΠΑΝΑΓΙΩΤΗΣ
Κουρουμπλής Παναγιώτης	ΠΑΝΑΓΙΩΤΗΣ ΚΟΥΡΟΥΜΠΛΗΣ
Κουτσογιαννακόπουλος Κωνσταντίνος	 ΚΩΣΤΑΣ ΚΟΥΤΣΟΓΙΑΝΝΑΚΟΠΟΥΛΟΣ
Κουτσογιαννακόπουλος Κωνσταντίνος	ΚΟΥΤΣΟΓΙΑΝΝΑΚΟΠΟΥΛΟΣ  ΚΩΣΤΑΣ
Κουτσογιαννακόπουλος Κωνσταντίνος	ΚΟΥΤΣΟΓΙΑΝΝΑΚΟΠΟΥΛΟΣ ΚΩΝΣΤΑΝΤΙΝΟΣ
Κουτσογιαννακόπουλος Κωνσταντίνος	ΚΩΝΣΤΑΝΤΙΝΟΣ ΚΟΥΤΣΟΓΙΑΝΝΑΚΟΠΟΥΛΟΣ
Κουτσούκος Γιάννης	 ΓΙΑΝΝΗΣ ΚΟΥΤΣΟΥΚΟΣ
Κουτσούκος Γιάννης	ΚΟΥΤΣΟΥΚΟΣ  ΓΙΑΝΝΗΣ
Κουτσούκος Γιάννης	ΚΟΥΤΣΟΥΚΟΣ ΓΙΑΝΝΗΣ
Κουτσούκος Γιάννης	ΓΙΑΝΝΗΣ ΚΟΥΤΣΟΥΚΟΣ
Κουτσούμπας Ανδρέας	 ΑΝΔΡΕΑΣ ΚΟΥΤΣΟΥΜΠΑΣ
Κουτσούμπας Ανδρέας	ΚΟΥΤΣΟΥΜΠΑΣ  ΑΝΔΡΕΑΣ
Κουτσούμπας Ανδρέας	ΚΟΥΤΣΟΥΜΠΑΣ ΑΝΔΡΕΑΣ
Κουτσούμπας Ανδρέας	ΑΝΔΡΕΑΣ ΚΟΥΤΣΟΥΜΠΑΣ
Κοψαχείλης Τιμολέων	 ΤΙΜΟΛΕΩΝ ΚΟΨΑΧΕΙΛΗΣ
Κοψαχείλης Τιμολέων	ΚΟΨΑΧΕΙΛΗΣ  ΤΙΜΟΛΕΩΝ
Κοψαχείλης Τιμολέων	ΚΟΨΑΧΕΙΛΗΣ ΤΙΜΟΛΕΩΝ
Κοψαχείλης Τιμολέων	ΤΙΜΟΛΕΩΝ ΚΟΨΑΧΕΙΛΗΣ
Κρεμαστινός Δημήτριος	 ΔΗΜΗΤΡΙΟΣ ΚΡΕΜΑΣΤΙΝΟΣ
Κρεμαστινός Δημήτριος	ΚΡΕΜΑΣΤΙΝΟΣ  ΔΗΜΗΤΡΙΟΣ
Κρεμαστινός Δημήτριος	ΚΡΕΜΑΣΤΙΝΟΣ ΔΗΜΗΤΡΙΟΣ
Κρεμαστινός Δημήτριος	ΔΗΜΗΤΡΙΟΣ ΚΡΕΜΑΣΤΙΝΟΣ
Κριτσωτάκης Μιχαήλ	 ΜΙΧΑΗΛ ΚΡΙΤΣΩΤΑΚΗΣ
Κριτσωτάκης Μιχαήλ	ΚΡΙΤΣΩΤΑΚΗΣ  ΜΙΧΑΗΛ
Κριτσωτάκης Μιχαήλ	ΚΡΙΤΣΩΤΑΚΗΣ ΜΙΧΑΗΛ
Κριτσωτάκης Μιχαήλ	ΜΙΧΑΗΛ ΚΡΙΤΣΩΤΑΚΗΣ
Κυριαζίδης Δημήτριος	 ΔΗΜΗΤΡΙΟΣ ΚΥΡΙΑΖΙΔΗΣ
Κυριαζίδης Δημήτριος	ΚΥΡΙΑΖΙΔΗΣ  ΔΗΜΗΤΡΙΟΣ
Κυριαζίδης Δημήτριος	ΚΥΡΙΑΖΙΔΗΣ ΔΗΜΗΤΡΙΟΣ
Κυριαζίδης Δημήτριος	ΔΗΜΗΤΡΙΟΣ ΚΥΡΙΑΖΙΔΗΣ
Κυριακάκης Βασίλειος	 ΒΑΣΙΛΕΙΟΣ ΚΥΡΙΑΚΑΚΗΣ
Κυριακάκης Βασίλειος	ΚΥΡΙΑΚΑΚΗΣ  ΒΑΣΙΛΕΙΟΣ
Κυριακάκης Βασίλειος	ΚΥΡΙΑΚΑΚΗΣ ΒΑΣΙΛΕΙΟΣ
Κυριακάκης Βασίλειος	ΒΑΣΙΛΕΙΟΣ ΚΥΡΙΑΚΑΚΗΣ
Κυρίτσης Γεώργιος	 ΓΕΩΡΓΙΟΣ ΚΥΡΙΤΣΗΣ
Κυρίτσης Γεώργιος	ΚΥΡΙΤΣΗΣ  ΓΕΩΡΓΙΟΣ
Κυρίτσης Γεώργιος	ΚΥΡΙΤΣΗΣ ΓΕΩΡΓΙΟΣ
Κυρίτσης Γεώργιος	ΓΕΩΡΓΙΟΣ ΚΥΡΙΤΣΗΣ
Κωνσταντινίδης Ευστάθιος	 ΕΥΣΤΑΘΙΟΣ ΚΩΝΣΤΑΝΤΙΝΙΔΗΣ
Κωνσταντινίδης Ευστάθιος	ΚΩΝΣΤΑΝΤΙΝΙΔΗΣ  ΕΥΣΤΑΘΙΟΣ
Κωνσταντινίδης Ευστάθιος	ΚΩΝΣΤΑΝΤΙΝΙΔΗΣ ΕΥΣΤΑΘΙΟΣ
Κωνσταντινίδης Ευστάθιος	ΕΥΣΤΑΘΙΟΣ ΚΩΝΣΤΑΝΤΙΝΙΔΗΣ
Κωνσταντινίδης Θεοδόσιος	 ΘΕΟΔΟΣΙΟΣ ΚΩΝΣΤΑΝΤΙΝΙΔΗΣ
Κωνσταντινίδης Θεοδόσιος	ΚΩΝΣΤΑΝΤΙΝΙΔΗΣ  ΘΕΟΔΟΣΙΟΣ
Κωνσταντινίδης Θεοδόσιος	ΚΩΝΣΤΑΝΤΙΝΙΔΗΣ ΘΕΟΔΟΣΙΟΣ
Κωνσταντινίδης Θεοδόσιος	ΘΕΟΔΟΣΙΟΣ ΚΩΝΣΤΑΝΤΙΝΙΔΗΣ
Κωνσταντινόπουλος Οδυσσέας	 ΟΔΥΣΣΕΑΣ ΚΩΝΣΤΑΝΤΙΝΟΠΟΥΛΟΣ
Κωνσταντινόπουλος Οδυσσέας	ΚΩΝΣΤΑΝΤΙΝΟΠΟΥΛΟΣ  ΟΔΥΣΣΕΑΣ
Κωνσταντινόπουλος Οδυσσέας	ΚΩΝΣΤΑΝΤΙΝΟΠΟΥΛΟΣ ΟΔΥΣΣΕΑΣ
Κωνσταντινόπουλος Οδυσσέας	ΟΔΥΣΣΕΑΣ ΚΩΝΣΤΑΝΤΙΝΟΠΟΥΛΟΣ
Κωνσταντόπουλος Γεώργιος	 ΓΕΩΡΓΙΟΣ ΚΩΝΣΤΑΝΤΟΠΟΥΛΟΣ
Κωνσταντόπουλος Γεώργιος	ΚΩΝΣΤΑΝΤΟΠΟΥΛΟΣ  ΓΕΩΡΓΙΟΣ
Κωνσταντόπουλος Γεώργιος	ΚΩΝΣΤΑΝΤΟΠΟΥΛΟΣ ΓΕΩΡΓΙΟΣ
Κωνσταντόπουλος Γεώργιος	ΓΕΩΡΓΙΟΣ ΚΩΝΣΤΑΝΤΟΠΟΥΛΟΣ
Κωνσταντοπούλου Ζωή	 ΖΩΗ ΚΩΝΣΤΑΝΤΟΠΟΥΛΟΥ
Κωνσταντοπούλου Ζωή	ΚΩΝΣΤΑΝΤΟΠΟΥΛΟΥ  ΖΩΗ
Κωνσταντοπούλου Ζωή	ΚΩΝΣΤΑΝΤΟΠΟΥΛΟΥ ΖΩΗ
Κωνσταντοπούλου Ζωή	ΖΩΗ ΚΩΝΣΤΑΝΤΟΠΟΥΛΟΥ
Λαγός Ιωάννης	 ΙΩΑΝΝΗΣ ΛΑΓΟΣ
Λαγός Ιωάννης	ΛΑΓΟΣ  ΙΩΑΝΝΗΣ
Λαγός Ιωάννης	ΛΑΓΟΣ ΙΩΑΝΝΗΣ
Λαγός Ιωάννης	ΙΩΑΝΝΗΣ ΛΑΓΟΣ
Λαζαρίδης Χρύσανθος	 ΧΡΥΣΑΝΘΟΣ ΛΑΖΑΡΙΔΗΣ
Λαζαρίδης Χρύσανθος	ΛΑΖΑΡΙΔΗΣ  ΧΡΥΣΑΝΘΟΣ
Λαζαρίδης Χρύσανθος	ΛΑΖΑΡΙΔΗΣ ΧΡΥΣΑΝΘΟΣ
Λαζαρίδης Χρύσανθος	ΧΡΥΣΑΝΘΟΣ ΛΑΖΑΡΙΔΗΣ
Λαμπρόπουλος Ιωάννης	 ΙΩΑΝΝΗΣ ΛΑΜΠΡΟΠΟΥΛΟΣ
Λαμπρόπουλος Ιωάννης	ΛΑΜΠΡΟΠΟΥΛΟΣ  ΙΩΑΝΝΗΣ
Λαμπρόπουλος Ιωάννης	ΛΑΜΠΡΟΠΟΥΛΟΣ ΙΩΑΝΝΗΣ
Λαμπρόπουλος Ιωάννης	ΙΩΑΝΝΗΣ ΛΑΜΠΡΟΠΟΥΛΟΣ
Λαμπρούλης Γεώργιος	 ΓΕΩΡΓΙΟΣ ΛΑΜΠΡΟΥΛΗΣ
Λαμπρούλης Γεώργιος	ΛΑΜΠΡΟΥΛΗΣ  ΓΕΩΡΓΙΟΣ
Λαμπρούλης Γεώργιος	ΛΑΜΠΡΟΥΛΗΣ ΓΕΩΡΓΙΟΣ
Λαμπρούλης Γεώργιος	ΓΕΩΡΓΙΟΣ ΛΑΜΠΡΟΥΛΗΣ
Λαφαζάνης Παναγιώτης	 ΠΑΝΑΓΙΩΤΗΣ ΛΑΦΑΖΑΝΗΣ
Λαφαζάνης Παναγιώτης	ΛΑΦΑΖΑΝΗΣ  ΠΑΝΑΓΙΩΤΗΣ
Λαφαζάνης Παναγιώτης	ΛΑΦΑΖΑΝΗΣ ΠΑΝΑΓΙΩΤΗΣ
Λαφαζάνης Παναγιώτης	ΠΑΝΑΓΙΩΤΗΣ ΛΑΦΑΖΑΝΗΣ
Λεονταρίδης Θεόφιλος	 ΘΕΟΦΙΛΟΣ ΛΕΟΝΤΑΡΙΔΗΣ
Λεονταρίδης Θεόφιλος	ΛΕΟΝΤΑΡΙΔΗΣ  ΘΕΟΦΙΛΟΣ
Λεονταρίδης Θεόφιλος	ΛΕΟΝΤΑΡΙΔΗΣ ΘΕΟΦΙΛΟΣ
Λεονταρίδης Θεόφιλος	ΘΕΟΦΙΛΟΣ ΛΕΟΝΤΑΡΙΔΗΣ
Λοβέρδος Ανδρέας	 ΑΝΔΡΕΑΣ ΛΟΒΕΡΔΟΣ
Λοβέρδος Ανδρέας	ΛΟΒΕΡΔΟΣ  ΑΝΔΡΕΑΣ
Λοβέρδος Ανδρέας	ΛΟΒΕΡΔΟΣ ΑΝΔΡΕΑΣ
Λοβέρδος Ανδρέας	ΑΝΔΡΕΑΣ ΛΟΒΕΡΔΟΣ
Λυκούδης Σπυρίδων	 ΣΠΥΡΙΔΩΝ ΛΥΚΟΥΔΗΣ
Λυκούδης Σπυρίδων	ΛΥΚΟΥΔΗΣ  ΣΠΥΡΙΔΩΝ
Λυκούδης Σπυρίδων	ΛΥΚΟΥΔΗΣ ΣΠΥΡΙΔΩΝ
Λυκούδης Σπυρίδων	ΣΠΥΡΙΔΩΝ ΛΥΚΟΥΔΗΣ
Λυκουρέντζος Ανδρέας	 ΑΝΔΡΕΑΣ ΛΥΚΟΥΡΕΝΤΖΟΣ
Λυκουρέντζος Ανδρέας	ΛΥΚΟΥΡΕΝΤΖΟΣ  ΑΝΔΡΕΑΣ
Λυκουρέντζος Ανδρέας	ΛΥΚΟΥΡΕΝΤΖΟΣ ΑΝΔΡΕΑΣ
Λυκουρέντζος Ανδρέας	ΑΝΔΡΕΑΣ ΛΥΚΟΥΡΕΝΤΖΟΣ
Μακρή Ευαγγέλου	ΖΈΤΤΑ ΜΑΚΡΗ
Μακρή Ευαγγέλου	ΜΑΚΡΗ ΖΈΤΤΑ
Μακρή Ευαγγέλου	ΜΑΚΡΗ ΕΥΑΓΓΕΛΟΥ
Μακρή Ευαγγέλου	ΕΥΑΓΓΕΛΟΥ ΜΑΚΡΗ
Μακρή Ραχήλ	 ΡΑΧΗΛ ΜΑΚΡΗ
Μακρή Ραχήλ	ΜΑΚΡΗ  ΡΑΧΗΛ
Μακρή Ραχήλ	ΜΑΚΡΗ ΡΑΧΗΛ
Μακρή Ραχήλ	ΡΑΧΗΛ ΜΑΚΡΗ
Μακρή Ζωή	 ΕΛΈΝΗ ΜΑΚΡΗ-ΘΕΟΔΩΡΟΥ
Μακρή Ζωή	ΜΑΚΡΗ-ΘΕΟΔΩΡΟΥ  ΕΛΈΝΗ
Μακρή Ζωή	ΜΑΚΡΗ ΖΩΗ
Μακρή Ζωή	ΖΩΗ ΜΑΚΡΗ
Μανδρέκα Ασπασία	 ΑΣΠΑΣΙΑ ΜΑΝΔΡΕΚΑ
Μανδρέκα Ασπασία	ΜΑΝΔΡΕΚΑ  ΑΣΠΑΣΙΑ
Μανδρέκα Ασπασία	ΜΑΝΔΡΕΚΑ ΑΣΠΑΣΙΑ
Μανδρέκα Ασπασία	ΑΣΠΑΣΙΑ ΜΑΝΔΡΕΚΑ
Μάνη-Παπαδημητρίου ΄Αννα	 ΑΝΝΑ ΜΑΝΗ-ΠΑΠΑΔΗΜΗΤΡΙΟΥ
Μάνη-Παπαδημητρίου ΄Αννα	ΜΑΝΗ-ΠΑΠΑΔΗΜΗΤΡΙΟΥ  ΑΝΝΑ
Μάνη-Παπαδημητρίου ΄Αννα	ΜΑΝΗ-ΠΑΠΑΔΗΜΗΤΡΙΟΥ ΄ΑΝΝΑ
Μάνη-Παπαδημητρίου ΄Αννα	΄ΑΝΝΑ ΜΑΝΗ-ΠΑΠΑΔΗΜΗΤΡΙΟΥ
Μανιάτης Ιωάννης	 ΙΩΑΝΝΗΣ ΜΑΝΙΑΤΗΣ
Μανιάτης Ιωάννης	ΜΑΝΙΑΤΗΣ  ΙΩΑΝΝΗΣ
Μανιάτης Ιωάννης	ΜΑΝΙΑΤΗΣ ΙΩΑΝΝΗΣ
Μανιάτης Ιωάννης	ΙΩΑΝΝΗΣ ΜΑΝΙΑΤΗΣ
Μαντάς Χρήστος	 ΧΡΗΣΤΟΣ ΜΑΝΤΑΣ
Μαντάς Χρήστος	ΜΑΝΤΑΣ  ΧΡΗΣΤΟΣ
Μαντάς Χρήστος	ΜΑΝΤΑΣ ΧΡΗΣΤΟΣ
Μαντάς Χρήστος	ΧΡΗΣΤΟΣ ΜΑΝΤΑΣ
Μανωλάκου Διαμάντω	 ΔΙΑΜΑΝΤΩ ΜΑΝΩΛΑΚΟΥ
Μανωλάκου Διαμάντω	ΜΑΝΩΛΑΚΟΥ  ΔΙΑΜΑΝΤΩ
Μανωλάκου Διαμάντω	ΜΑΝΩΛΑΚΟΥ ΔΙΑΜΑΝΤΩ
Μανωλάκου Διαμάντω	ΔΙΑΜΑΝΤΩ ΜΑΝΩΛΑΚΟΥ
Επαμεινώνδας Μαριάς 	 ΕΠΑΜΕΙΝΩΝΔΑΣ ΜΑΡΙΑΣ
Επαμεινώνδας Μαριάς 	ΜΑΡΙΑΣ  ΕΠΑΜΕΙΝΩΝΔΑΣ
Επαμεινώνδας Μαριάς 	ΕΠΑΜΕΙΝΩΝΔΑΣ ΜΑΡΙΑΣ 
Επαμεινώνδας Μαριάς 	ΜΑΡΙΑΣ ΕΠΑΜΕΙΝΩΝΔΑΣ
Μαρίνος Ανδρέας	 ΑΝΔΡΕΑΣ ΜΑΡΙΝΟΣ
Μαρίνος Ανδρέας	ΜΑΡΙΝΟΣ  ΑΝΔΡΕΑΣ
Μαρίνος Ανδρέας	ΜΑΡΙΝΟΣ ΑΝΔΡΕΑΣ
Μαρίνος Ανδρέας	ΑΝΔΡΕΑΣ ΜΑΡΙΝΟΣ
Μαρκογιαννάκης Χρήστος	 ΧΡΗΣΤΟΣ ΜΑΡΚΟΓΙΑΝΝΑΚΗΣ
Μαρκογιαννάκης Χρήστος	ΜΑΡΚΟΓΙΑΝΝΑΚΗΣ  ΧΡΗΣΤΟΣ
Μαρκογιαννάκης Χρήστος	ΜΑΡΚΟΓΙΑΝΝΑΚΗΣ ΧΡΗΣΤΟΣ
Μαρκογιαννάκης Χρήστος	ΧΡΗΣΤΟΣ ΜΑΡΚΟΓΙΑΝΝΑΚΗΣ
Μαρκόπουλος Κωνσταντίνος	 ΚΩΝΣΤΑΝΤΙΝΟΣ ΜΑΡΚΟΠΟΥΛΟΣ
Μαρκόπουλος Κωνσταντίνος	ΜΑΡΚΟΠΟΥΛΟΣ  ΚΩΝΣΤΑΝΤΙΝΟΣ
Μαρκόπουλος Κωνσταντίνος	ΜΑΡΚΟΠΟΥΛΟΣ ΚΩΝΣΤΑΝΤΙΝΟΣ
Μαρκόπουλος Κωνσταντίνος	ΚΩΝΣΤΑΝΤΙΝΟΣ ΜΑΡΚΟΠΟΥΛΟΣ
Μάρκου Αικατερίνη	 ΑΙΚΑΤΕΡΙΝΗ ΜΑΡΚΟΥ
Μάρκου Αικατερίνη	ΜΑΡΚΟΥ  ΑΙΚΑΤΕΡΙΝΗ
Μάρκου Αικατερίνη	ΜΑΡΚΟΥ ΑΙΚΑΤΕΡΙΝΗ
Μάρκου Αικατερίνη	ΑΙΚΑΤΕΡΙΝΗ ΜΑΡΚΟΥ
Μαρτίνου Γεωργία	 ΓΕΩΡΓΙΑ ΜΑΡΤΙΝΟΥ
Μαρτίνου Γεωργία	ΜΑΡΤΙΝΟΥ  ΓΕΩΡΓΙΑ
Μαρτίνου Γεωργία	ΜΑΡΤΙΝΟΥ ΓΕΩΡΓΙΑ
Μαρτίνου Γεωργία	ΓΕΩΡΓΙΑ ΜΑΡΤΙΝΟΥ
Ματθαιόπουλος Αρτέμιος	ΑΡΤΈΜΙΟΣ ΜΑΤΘΑΙΌΠΟΥΛΟΣ
Ματθαιόπουλος Αρτέμιος	ΜΑΤΘΑΙΌΠΟΥΛΟΣ ΑΡΤΈΜΙΟΣ
Ματθαιόπουλος Αρτέμιος	ΜΑΤΘΑΙΟΠΟΥΛΟΣ ΑΡΤΕΜΙΟΣ
Ματθαιόπουλος Αρτέμιος	ΑΡΤΕΜΙΟΣ ΜΑΤΘΑΙΟΠΟΥΛΟΣ
Μεϊκόπουλος Αλέξανδρος	 ΑΛΈΞΑΝΔΡΟΣ ΜΕΪΚΌΠΟΥΛΟΣ
Μεϊκόπουλος Αλέξανδρος	ΜΕΪΚΌΠΟΥΛΟΣ  ΑΛΈΞΑΝΔΡΟΣ
Μεϊκόπουλος Αλέξανδρος	ΜΕΪΚΟΠΟΥΛΟΣ ΑΛΕΞΑΝΔΡΟΣ
Μεϊκόπουλος Αλέξανδρος	ΑΛΕΞΑΝΔΡΟΣ ΜΕΪΚΟΠΟΥΛΟΣ
Μεϊμαράκης Ευάγγελος	 ΕΥΑΓΓΕΛΟΣ-ΒΑΣΙΛΕΙΟΣ ΜΕΙΜΑΡΑΚΗΣ
Μεϊμαράκης Ευάγγελος	ΜΕΙΜΑΡΑΚΗΣ  ΕΥΑΓΓΕΛΟΣ-ΒΑΣΙΛΕΙΟΣ
Μεϊμαράκης Ευάγγελος	ΜΕΪΜΑΡΑΚΗΣ ΕΥΑΓΓΕΛΟΣ
Μεϊμαράκης Ευάγγελος	ΕΥΑΓΓΕΛΟΣ ΜΕΪΜΑΡΑΚΗΣ
Παναγιώτης Μελάς	 ΠΑΝΑΓΙΩΤΗΣ ΜΕΛΑΣ
Παναγιώτης Μελάς	ΜΕΛΑΣ  ΠΑΝΑΓΙΩΤΗΣ
Παναγιώτης Μελάς	ΠΑΝΑΓΙΩΤΗΣ ΜΕΛΑΣ
Παναγιώτης Μελάς	ΜΕΛΑΣ ΠΑΝΑΓΙΩΤΗΣ
Μηταράκης Παναγιώτης	 ΠΑΝΑΓΙΩΤΗΣ ΜΗΤΑΡΑΚΗΣ
Μηταράκης Παναγιώτης	ΜΗΤΑΡΑΚΗΣ  ΠΑΝΑΓΙΩΤΗΣ
Μηταράκης Παναγιώτης	ΜΗΤΑΡΑΚΗΣ ΠΑΝΑΓΙΩΤΗΣ
Μηταράκης Παναγιώτης	ΠΑΝΑΓΙΩΤΗΣ ΜΗΤΑΡΑΚΗΣ
Μητρόπουλος Αλέξιος	 ΑΛΕΞΙΟΣ ΜΗΤΡΟΠΟΥΛΟΣ
Μητρόπουλος Αλέξιος	ΜΗΤΡΟΠΟΥΛΟΣ  ΑΛΕΞΙΟΣ
Μητρόπουλος Αλέξιος	ΜΗΤΡΟΠΟΥΛΟΣ ΑΛΕΞΙΟΣ
Μητρόπουλος Αλέξιος	ΑΛΕΞΙΟΣ ΜΗΤΡΟΠΟΥΛΟΣ
Μητσοτάκης Κυριάκος	 ΚΥΡΙΑΚΟΣ ΜΗΤΣΟΤΑΚΗΣ
Μητσοτάκης Κυριάκος	ΜΗΤΣΟΤΑΚΗΣ  ΚΥΡΙΑΚΟΣ
Μητσοτάκης Κυριάκος	ΜΗΤΣΟΤΑΚΗΣ ΚΥΡΙΑΚΟΣ
Μητσοτάκης Κυριάκος	ΚΥΡΙΑΚΟΣ ΜΗΤΣΟΤΑΚΗΣ
Μιχαλάκης Νικόλαος	 ΝΙΚΟΛΑΟΣ ΜΙΧΑΛΑΚΗΣ
Μιχαλάκης Νικόλαος	ΜΙΧΑΛΑΚΗΣ  ΝΙΚΟΛΑΟΣ
Μιχαλάκης Νικόλαος	ΜΙΧΑΛΑΚΗΣ ΝΙΚΟΛΑΟΣ
Μιχαλάκης Νικόλαος	ΝΙΚΟΛΑΟΣ ΜΙΧΑΛΑΚΗΣ
Μιχαλολιάκος Νικόλαος	 ΝΙΚΟΛΑΟΣ ΜΙΧΑΛΟΛΙΑΚΟΣ
Μιχαλολιάκος Νικόλαος	ΜΙΧΑΛΟΛΙΑΚΟΣ  ΝΙΚΟΛΑΟΣ
Μιχαλολιάκος Νικόλαος	ΜΙΧΑΛΟΛΙΑΚΟΣ ΝΙΚΟΛΑΟΣ
Μιχαλολιάκος Νικόλαος	ΝΙΚΟΛΑΟΣ ΜΙΧΑΛΟΛΙΑΚΟΣ
Μιχελάκης Ιωάννης	 ΙΩΑΝΝΗΣ ΜΙΧΕΛΑΚΗΣ
Μιχελάκης Ιωάννης	ΜΙΧΕΛΑΚΗΣ  ΙΩΑΝΝΗΣ
Μιχελάκης Ιωάννης	ΜΙΧΕΛΑΚΗΣ ΙΩΑΝΝΗΣ
Μιχελάκης Ιωάννης	ΙΩΑΝΝΗΣ ΜΙΧΕΛΑΚΗΣ
Μιχελογιαννάκης Ιωάννης	 ΙΩΑΝΝΗΣ ΜΙΧΕΛΟΓΙΑΝΝΑΚΗΣ
Μιχελογιαννάκης Ιωάννης	ΜΙΧΕΛΟΓΙΑΝΝΑΚΗΣ  ΙΩΑΝΝΗΣ
Μιχελογιαννάκης Ιωάννης	ΜΙΧΕΛΟΓΙΑΝΝΑΚΗΣ ΙΩΑΝΝΗΣ
Μιχελογιαννάκης Ιωάννης	ΙΩΑΝΝΗΣ ΜΙΧΕΛΟΓΙΑΝΝΑΚΗΣ
Μίχος Νικόλαος	 ΝΙΚΟΛΑΟΣ ΜΙΧΟΣ
Μίχος Νικόλαος	ΜΙΧΟΣ  ΝΙΚΟΛΑΟΣ
Μίχος Νικόλαος	ΜΙΧΟΣ ΝΙΚΟΛΑΟΣ
Μίχος Νικόλαος	ΝΙΚΟΛΑΟΣ ΜΙΧΟΣ
Μουτσινάς Παρίσης	 ΠΑΡΙΣΗΣ ΜΟΥΤΣΙΝΑΣ
Μουτσινάς Παρίσης	ΜΟΥΤΣΙΝΑΣ  ΠΑΡΙΣΗΣ
Μουτσινάς Παρίσης	ΜΟΥΤΣΙΝΑΣ ΠΑΡΙΣΗΣ
Μουτσινάς Παρίσης	ΠΑΡΙΣΗΣ ΜΟΥΤΣΙΝΑΣ
Μπακογιάννη Θεοδώρα	 ΘΕΟΔΩΡΑ ΜΠΑΚΟΓΙΑΝΝΗ
Μπακογιάννη Θεοδώρα	ΜΠΑΚΟΓΙΑΝΝΗ  ΘΕΟΔΩΡΑ
Μπακογιάννη Θεοδώρα	ΜΠΑΚΟΓΙΑΝΝΗ ΘΕΟΔΩΡΑ
Μπακογιάννη Θεοδώρα	ΘΕΟΔΩΡΑ ΜΠΑΚΟΓΙΑΝΝΗ
Μπάρκας Κωνσταντίνος	 ΚΩΣΤΑΣ ΜΠΑΡΚΑΣ
Μπάρκας Κωνσταντίνος	ΜΠΑΡΚΑΣ  ΚΩΣΤΑΣ
Μπάρκας Κωνσταντίνος	ΜΠΑΡΚΑΣ ΚΩΝΣΤΑΝΤΙΝΟΣ
Μπάρκας Κωνσταντίνος	ΚΩΝΣΤΑΝΤΙΝΟΣ ΜΠΑΡΚΑΣ
Μπαρμπαρούσης Κωνσταντίνος	 ΚΩΝΣΤΑΝΤΙΝΟΣ ΜΠΑΡΜΠΑΡΟΥΣΗΣ
Μπαρμπαρούσης Κωνσταντίνος	ΜΠΑΡΜΠΑΡΟΥΣΗΣ  ΚΩΝΣΤΑΝΤΙΝΟΣ
Μπαρμπαρούσης Κωνσταντίνος	ΜΠΑΡΜΠΑΡΟΥΣΗΣ ΚΩΝΣΤΑΝΤΙΝΟΣ
Μπαρμπαρούσης Κωνσταντίνος	ΚΩΝΣΤΑΝΤΙΝΟΣ ΜΠΑΡΜΠΑΡΟΥΣΗΣ
Μπασιάκος Ευάγγελος	 ΕΥΑΓΓΕΛΟΣ ΜΠΑΣΙΑΚΟΣ
Μπασιάκος Ευάγγελος	ΜΠΑΣΙΑΚΟΣ  ΕΥΑΓΓΕΛΟΣ
Μπασιάκος Ευάγγελος	ΜΠΑΣΙΑΚΟΣ ΕΥΑΓΓΕΛΟΣ
Μπασιάκος Ευάγγελος	ΕΥΑΓΓΕΛΟΣ ΜΠΑΣΙΑΚΟΣ
Μπατσαρά Γεωργία	 ΓΕΩΡΓΊΑ ΜΠΑΤΣΑΡΑ
Μπατσαρά Γεωργία	ΜΠΑΤΣΑΡΑ  ΓΕΩΡΓΊΑ
Μπατσαρά Γεωργία	ΜΠΑΤΣΑΡΑ ΓΕΩΡΓΙΑ
Μπατσαρά Γεωργία	ΓΕΩΡΓΙΑ ΜΠΑΤΣΑΡΑ
Μπέζας Αντώνιος	 ΑΝΤΩΝΙΟΣ ΜΠΕΖΑΣ
Μπέζας Αντώνιος	ΜΠΕΖΑΣ  ΑΝΤΩΝΙΟΣ
Μπέζας Αντώνιος	ΜΠΕΖΑΣ ΑΝΤΩΝΙΟΣ
Μπέζας Αντώνιος	ΑΝΤΩΝΙΟΣ ΜΠΕΖΑΣ
Μπόλαρη Μαρία	 ΜΑΡΙΑ ΜΠΟΛΑΡΗ
Μπόλαρη Μαρία	ΜΠΟΛΑΡΗ  ΜΑΡΙΑ
Μπόλαρη Μαρία	ΜΠΟΛΑΡΗ ΜΑΡΙΑ
Μπόλαρη Μαρία	ΜΑΡΙΑ ΜΠΟΛΑΡΗ
Μπόλαρης Μάρκος	 ΜΑΡΚΟΣ ΜΠΟΛΑΡΗΣ
Μπόλαρης Μάρκος	ΜΠΟΛΑΡΗΣ  ΜΑΡΚΟΣ
Μπόλαρης Μάρκος	ΜΠΟΛΑΡΗΣ ΜΑΡΚΟΣ
Μπόλαρης Μάρκος	ΜΑΡΚΟΣ ΜΠΟΛΑΡΗΣ
Μπούκουρας Ευστάθιος	 ΕΥΣΤΑΘΙΟΣ ΜΠΟΥΚΟΥΡΑΣ
Μπούκουρας Ευστάθιος	ΜΠΟΥΚΟΥΡΑΣ  ΕΥΣΤΑΘΙΟΣ
Μπούκουρας Ευστάθιος	ΜΠΟΥΚΟΥΡΑΣ ΕΥΣΤΑΘΙΟΣ
Μπούκουρας Ευστάθιος	ΕΥΣΤΑΘΙΟΣ ΜΠΟΥΚΟΥΡΑΣ
Μπούρας Αθανάσιος	 ΑΘΑΝΑΣΙΟΣ ΜΠΟΥΡΑΣ
Μπούρας Αθανάσιος	ΜΠΟΥΡΑΣ  ΑΘΑΝΑΣΙΟΣ
Μπούρας Αθανάσιος	ΜΠΟΥΡΑΣ ΑΘΑΝΑΣΙΟΣ
Μπούρας Αθανάσιος	ΑΘΑΝΑΣΙΟΣ ΜΠΟΥΡΑΣ
Μπριάνης Δημήτριος	ΜΠΡΙΆΝΗΣ ΜΠΡΙΆΝΗΣ
Μπριάνης Δημήτριος	ΜΠΡΙΆΝΗΣ ΜΠΡΙΆΝΗΣ
Μπριάνης Δημήτριος	ΜΠΡΙΑΝΗΣ ΔΗΜΗΤΡΙΟΣ
Μπριάνης Δημήτριος	ΔΗΜΗΤΡΙΟΣ ΜΠΡΙΑΝΗΣ
Αλέξανδρος Μωραϊτάκης	ΑΛΈΞΑΝΔΡΟΣ  ΜΩΡΑΪΤΆΚΗΣ
Αλέξανδρος Μωραϊτάκης	ΜΩΡΑΪΤΆΚΗΣ ΑΛΈΞΑΝΔΡΟΣ 
Αλέξανδρος Μωραϊτάκης	ΑΛΕΞΑΝΔΡΟΣ ΜΩΡΑΪΤΑΚΗΣ
Αλέξανδρος Μωραϊτάκης	ΜΩΡΑΪΤΑΚΗΣ ΑΛΕΞΑΝΔΡΟΣ
Μωραΐτης Νικόλαος	 ΝΙΚΟΛΑΟΣ ΜΩΡΑΙΤΗΣ
Μωραΐτης Νικόλαος	ΜΩΡΑΙΤΗΣ  ΝΙΚΟΛΑΟΣ
Μωραΐτης Νικόλαος	ΜΩΡΑΪ́ΤΗΣ ΝΙΚΟΛΑΟΣ
Μωραΐτης Νικόλαος	ΝΙΚΟΛΑΟΣ ΜΩΡΑΪ́ΤΗΣ
Μωραΐτης Αθανάσιος	 ΑΘΑΝΑΣΙΟΣ ΜΩΡΑΙΤΗΣ
Μωραΐτης Αθανάσιος	ΜΩΡΑΙΤΗΣ  ΑΘΑΝΑΣΙΟΣ
Μωραΐτης Αθανάσιος	ΜΩΡΑΪ́ΤΗΣ ΑΘΑΝΑΣΙΟΣ
Μωραΐτης Αθανάσιος	ΑΘΑΝΑΣΙΟΣ ΜΩΡΑΪ́ΤΗΣ
Νεράντζης Αναστάσιος	 ΑΝΑΣΤΑΣΙΟΣ ΝΕΡΆΝΤΖΗΣ
Νεράντζης Αναστάσιος	ΝΕΡΆΝΤΖΗΣ  ΑΝΑΣΤΑΣΙΟΣ
Νεράντζης Αναστάσιος	ΝΕΡΑΝΤΖΗΣ ΑΝΑΣΤΑΣΙΟΣ
Νεράντζης Αναστάσιος	ΑΝΑΣΤΑΣΙΟΣ ΝΕΡΑΝΤΖΗΣ
Νίκος Νικολόπουλος	 ΝΙΚΟΣ ΝΙΚΟΛΟΠΟΥΛΟΣ
Νίκος Νικολόπουλος	ΝΙΚΟΛΟΠΟΥΛΟΣ  ΝΙΚΟΣ
Νίκος Νικολόπουλος	ΝΙΚΟΣ ΝΙΚΟΛΟΠΟΥΛΟΣ
Νίκος Νικολόπουλος	ΝΙΚΟΛΟΠΟΥΛΟΣ ΝΙΚΟΣ
Νταβλούρος Αθανάσιος	 ΑΘΑΝΑΣΙΟΣ ΝΤΑΒΛΟΥΡΟΣ
Νταβλούρος Αθανάσιος	ΝΤΑΒΛΟΥΡΟΣ  ΑΘΑΝΑΣΙΟΣ
Νταβλούρος Αθανάσιος	ΝΤΑΒΛΟΥΡΟΣ ΑΘΑΝΑΣΙΟΣ
Νταβλούρος Αθανάσιος	ΑΘΑΝΑΣΙΟΣ ΝΤΑΒΛΟΥΡΟΣ
Νταβρής Γεώργιος	 ΓΕΩΡΓΙΟΣ ΝΤΑΒΡΗΣ
Νταβρής Γεώργιος	ΝΤΑΒΡΗΣ  ΓΕΩΡΓΙΟΣ
Νταβρής Γεώργιος	ΝΤΑΒΡΗΣ ΓΕΩΡΓΙΟΣ
Νταβρής Γεώργιος	ΓΕΩΡΓΙΟΣ ΝΤΑΒΡΗΣ
Ντινόπουλος Αργύρης	 ΑΡΓΥΡΗΣ ΝΤΙΝΟΠΟΥΛΟΣ
Ντινόπουλος Αργύρης	ΝΤΙΝΟΠΟΥΛΟΣ  ΑΡΓΥΡΗΣ
Ντινόπουλος Αργύρης	ΝΤΙΝΟΠΟΥΛΟΣ ΑΡΓΥΡΗΣ
Ντινόπουλος Αργύρης	ΑΡΓΥΡΗΣ ΝΤΙΝΟΠΟΥΛΟΣ
Ντόλιος Γεώργιος	 ΓΙΩΡΓΟΣ ΝΤΟΛΙΟΣ
Ντόλιος Γεώργιος	ΝΤΟΛΙΟΣ  ΓΙΩΡΓΟΣ
Ντόλιος Γεώργιος	ΝΤΟΛΙΟΣ ΓΕΩΡΓΙΟΣ
Ντόλιος Γεώργιος	ΓΕΩΡΓΙΟΣ ΝΤΟΛΙΟΣ
Ξανθός Ανδρέας	 ΑΝΔΡΕΑΣ ΞΑΝΘΟΣ
Ξανθός Ανδρέας	ΞΑΝΘΟΣ  ΑΝΔΡΕΑΣ
Ξανθός Ανδρέας	ΞΑΝΘΟΣ ΑΝΔΡΕΑΣ
Ξανθός Ανδρέας	ΑΝΔΡΕΑΣ ΞΑΝΘΟΣ
Ξηροτύρη Αικατερινάρη	 ΑΣΗΜΙΝΑ ΞΗΡΟΤΥΡΗ-ΑΙΚΑΤΕΡΙΝΑΡΗ
Ξηροτύρη Αικατερινάρη	ΞΗΡΟΤΥΡΗ-ΑΙΚΑΤΕΡΙΝΑΡΗ  ΑΣΗΜΙΝΑ
Ξηροτύρη Αικατερινάρη	ΞΗΡΟΤΥΡΗ ΑΙΚΑΤΕΡΙΝΑΡΗ
Ξηροτύρη Αικατερινάρη	ΑΙΚΑΤΕΡΙΝΑΡΗ ΞΗΡΟΤΥΡΗ
Σταυρούλα Ξουλίδου	 ΣΤΑΥΡΟΥΛΑ ΞΟΥΛΙΔΟΥ
Σταυρούλα Ξουλίδου	ΞΟΥΛΙΔΟΥ  ΣΤΑΥΡΟΥΛΑ
Σταυρούλα Ξουλίδου	ΣΤΑΥΡΟΥΛΑ ΞΟΥΛΙΔΟΥ
Σταυρούλα Ξουλίδου	ΞΟΥΛΙΔΟΥ ΣΤΑΥΡΟΥΛΑ
Οικονόμου Βασίλειος	 ΒΑΣΙΛΕΙΟΣ ΟΙΚΟΝΟΜΟΥ
Οικονόμου Βασίλειος	ΟΙΚΟΝΟΜΟΥ  ΒΑΣΙΛΕΙΟΣ
Οικονόμου Βασίλειος	ΟΙΚΟΝΟΜΟΥ ΒΑΣΙΛΕΙΟΣ
Οικονόμου Βασίλειος	ΒΑΣΙΛΕΙΟΣ ΟΙΚΟΝΟΜΟΥ
Ορφανός Γεώργιος	 ΓΕΩΡΓΙΟΣ ΟΡΦΑΝΟΣ
Ορφανός Γεώργιος	ΟΡΦΑΝΟΣ  ΓΕΩΡΓΙΟΣ
Ορφανός Γεώργιος	ΟΡΦΑΝΟΣ ΓΕΩΡΓΙΟΣ
Ορφανός Γεώργιος	ΓΕΩΡΓΙΟΣ ΟΡΦΑΝΟΣ
Μαρίνος Ουζουνίδης	 ΜΑΡΙΝΟΣ ΟΥΖΟΥΝΙΔΗΣ
Μαρίνος Ουζουνίδης	ΟΥΖΟΥΝΙΔΗΣ  ΜΑΡΙΝΟΣ
Μαρίνος Ουζουνίδης	ΜΑΡΙΝΟΣ ΟΥΖΟΥΝΙΔΗΣ
Μαρίνος Ουζουνίδης	ΟΥΖΟΥΝΙΔΗΣ ΜΑΡΙΝΟΣ
Ουζουνίδου Ευγενία	 ΕΥΓΕΝΙΑ ΟΥΖΟΥΝΙΔΟΥ
Ουζουνίδου Ευγενία	ΟΥΖΟΥΝΙΔΟΥ  ΕΥΓΕΝΙΑ
Ουζουνίδου Ευγενία	ΟΥΖΟΥΝΙΔΟΥ ΕΥΓΕΝΙΑ
Ουζουνίδου Ευγενία	ΕΥΓΕΝΙΑ ΟΥΖΟΥΝΙΔΟΥ
Παναγιώταρος Ηλίας	 ΗΛΙΑΣ ΠΑΝΑΓΙΩΤΑΡΟΣ
Παναγιώταρος Ηλίας	ΠΑΝΑΓΙΩΤΑΡΟΣ  ΗΛΙΑΣ
Παναγιώταρος Ηλίας	ΠΑΝΑΓΙΩΤΑΡΟΣ ΗΛΙΑΣ
Παναγιώταρος Ηλίας	ΗΛΙΑΣ ΠΑΝΑΓΙΩΤΑΡΟΣ
Παναγιωτόπουλος Νικόλαος	 ΝΙΚΟΛΑΟΣ ΠΑΝΑΓΙΩΤΟΠΟΥΛΟΣ
Παναγιωτόπουλος Νικόλαος	ΠΑΝΑΓΙΩΤΟΠΟΥΛΟΣ  ΝΙΚΟΛΑΟΣ
Παναγιωτόπουλος Νικόλαος	ΠΑΝΑΓΙΩΤΟΠΟΥΛΟΣ ΝΙΚΟΛΑΟΣ
Παναγιωτόπουλος Νικόλαος	ΝΙΚΟΛΑΟΣ ΠΑΝΑΓΙΩΤΟΠΟΥΛΟΣ
Παναγιωτόπουλος Παναγιώτης	 ΠΑΝΑΓΙΩΤΗΣ ΠΑΝΑΓΙΩΤΟΠΟΥΛΟΣ
Παναγιωτόπουλος Παναγιώτης	ΠΑΝΑΓΙΩΤΟΠΟΥΛΟΣ  ΠΑΝΑΓΙΩΤΗΣ
Παναγιωτόπουλος Παναγιώτης	ΠΑΝΑΓΙΩΤΟΠΟΥΛΟΣ ΠΑΝΑΓΙΩΤΗΣ
Παναγιωτόπουλος Παναγιώτης	ΠΑΝΑΓΙΩΤΗΣ ΠΑΝΑΓΙΩΤΟΠΟΥΛΟΣ
Παναγούλης Ευστάθιος	 ΣΤΑΘΗΣ ΠΑΝΑΓΟΥΛΗΣ
Παναγούλης Ευστάθιος	ΠΑΝΑΓΟΥΛΗΣ  ΣΤΑΘΗΣ
Παναγούλης Ευστάθιος	ΠΑΝΑΓΟΥΛΗΣ ΕΥΣΤΑΘΙΟΣ
Παναγούλης Ευστάθιος	ΕΥΣΤΑΘΙΟΣ ΠΑΝΑΓΟΥΛΗΣ
Πανούσης Ιωάννης	 ΙΩΑΝΝΗΣ ΠΑΝΟΥΣΗΣ
Πανούσης Ιωάννης	ΠΑΝΟΥΣΗΣ  ΙΩΑΝΝΗΣ
Πανούσης Ιωάννης	ΠΑΝΟΥΣΗΣ ΙΩΑΝΝΗΣ
Πανούσης Ιωάννης	ΙΩΑΝΝΗΣ ΠΑΝΟΥΣΗΣ
Πάντζας Γεώργιος	 ΓΙΩΡΓΟΣ ΠΑΝΤΖΑΣ
Πάντζας Γεώργιος	ΠΑΝΤΖΑΣ  ΓΙΩΡΓΟΣ
Πάντζας Γεώργιος	ΠΑΝΤΖΑΣ ΓΕΩΡΓΙΟΣ
Πάντζας Γεώργιος	ΓΕΩΡΓΙΟΣ ΠΑΝΤΖΑΣ
Δημήτριος Παπαδημούλης	 ΔΗΜΗΤΡΙΟΣ ΠΑΠΑΔΗΜΟΥΛΗΣ
Δημήτριος Παπαδημούλης	ΠΑΠΑΔΗΜΟΥΛΗΣ  ΔΗΜΗΤΡΙΟΣ
Δημήτριος Παπαδημούλης	ΔΗΜΗΤΡΙΟΣ ΠΑΠΑΔΗΜΟΥΛΗΣ
Δημήτριος Παπαδημούλης	ΠΑΠΑΔΗΜΟΥΛΗΣ ΔΗΜΗΤΡΙΟΣ
Παπαδόπουλος Μιχάλης	 ΜΙΧΑΗΛ ΠΑΠΑΔΟΠΟΥΛΟΣ
Παπαδόπουλος Μιχάλης	ΠΑΠΑΔΟΠΟΥΛΟΣ  ΜΙΧΑΗΛ
Παπαδόπουλος Μιχάλης	ΠΑΠΑΔΟΠΟΥΛΟΣ ΜΙΧΑΛΗΣ
Παπαδόπουλος Μιχάλης	ΜΙΧΑΛΗΣ ΠΑΠΑΔΟΠΟΥΛΟΣ
Παπακώστα Σιδηροπούλου	 ΑΙΚΑΤΕΡΙΝΗ ΠΑΠΑΚΩΣΤΑ-ΣΙΔΗΡΟΠΟΥΛΟΥ
Παπακώστα Σιδηροπούλου	ΠΑΠΑΚΩΣΤΑ-ΣΙΔΗΡΟΠΟΥΛΟΥ  ΑΙΚΑΤΕΡΙΝΗ
Παπακώστα Σιδηροπούλου	ΠΑΠΑΚΩΣΤΑ ΣΙΔΗΡΟΠΟΥΛΟΥ
Παπακώστα Σιδηροπούλου	ΣΙΔΗΡΟΠΟΥΛΟΥ ΠΑΠΑΚΩΣΤΑ
Παπανδρέου Γεώργιος	 ΓΕΩΡΓΙΟΣ ΠΑΠΑΝΔΡΕΟΥ
Παπανδρέου Γεώργιος	ΠΑΠΑΝΔΡΕΟΥ  ΓΕΩΡΓΙΟΣ
Παπανδρέου Γεώργιος	ΠΑΠΑΝΔΡΕΟΥ ΓΕΩΡΓΙΟΣ
Παπανδρέου Γεώργιος	ΓΕΩΡΓΙΟΣ ΠΑΠΑΝΔΡΕΟΥ
Παπαρήγα Αλεξάνδρα	 ΑΛΕΞΑΝΔΡΑ ΠΑΠΑΡΗΓΑ
Παπαρήγα Αλεξάνδρα	ΠΑΠΑΡΗΓΑ  ΑΛΕΞΑΝΔΡΑ
Παπαρήγα Αλεξάνδρα	ΠΑΠΑΡΗΓΑ ΑΛΕΞΑΝΔΡΑ
Παπαρήγα Αλεξάνδρα	ΑΛΕΞΑΝΔΡΑ ΠΑΠΑΡΗΓΑ
Παππάς Χρήστος	 ΧΡΗΣΤΟΣ ΠΑΠΠΑΣ
Παππάς Χρήστος	ΠΑΠΠΑΣ  ΧΡΗΣΤΟΣ
Παππάς Χρήστος	ΠΑΠΠΑΣ ΧΡΗΣΤΟΣ
Παππάς Χρήστος	ΧΡΗΣΤΟΣ ΠΑΠΠΑΣ
Παραστατίδης Θεόδωρος	 ΘΕΟΔΩΡΟΣ ΠΑΡΑΣΤΑΤΙΔΗΣ
Παραστατίδης Θεόδωρος	ΠΑΡΑΣΤΑΤΙΔΗΣ  ΘΕΟΔΩΡΟΣ
Παραστατίδης Θεόδωρος	ΠΑΡΑΣΤΑΤΙΔΗΣ ΘΕΟΔΩΡΟΣ
Παραστατίδης Θεόδωρος	ΘΕΟΔΩΡΟΣ ΠΑΡΑΣΤΑΤΙΔΗΣ
Πασχαλίδης Ιωάννης	 ΙΩΑΝΝΗΣ ΠΑΣΧΑΛΙΔΗΣ
Πασχαλίδης Ιωάννης	ΠΑΣΧΑΛΙΔΗΣ  ΙΩΑΝΝΗΣ
Πασχαλίδης Ιωάννης	ΠΑΣΧΑΛΙΔΗΣ ΙΩΑΝΝΗΣ
Πασχαλίδης Ιωάννης	ΙΩΑΝΝΗΣ ΠΑΣΧΑΛΙΔΗΣ
Πατριανάκου Φεβρωνία	 ΦΕΒΡΩΝΙΑ ΠΑΤΡΙΑΝΑΚΟΥ
Πατριανάκου Φεβρωνία	ΠΑΤΡΙΑΝΑΚΟΥ  ΦΕΒΡΩΝΙΑ
Πατριανάκου Φεβρωνία	ΠΑΤΡΙΑΝΑΚΟΥ ΦΕΒΡΩΝΙΑ
Πατριανάκου Φεβρωνία	ΦΕΒΡΩΝΙΑ ΠΑΤΡΙΑΝΑΚΟΥ
Παυλόπουλος Προκόπιος	 ΠΡΟΚΟΠΙΟΣ ΠΑΥΛΟΠΟΥΛΟΣ
Παυλόπουλος Προκόπιος	ΠΑΥΛΟΠΟΥΛΟΣ  ΠΡΟΚΟΠΙΟΣ
Παυλόπουλος Προκόπιος	ΠΑΥΛΟΠΟΥΛΟΣ ΠΡΟΚΟΠΙΟΣ
Παυλόπουλος Προκόπιος	ΠΡΟΚΟΠΙΟΣ ΠΑΥΛΟΠΟΥΛΟΣ
Αθανάσιος Παφίλης 	 ΑΘΑΝΑΣΙΟΣ ΠΑΦΙΛΗΣ
Αθανάσιος Παφίλης 	ΠΑΦΙΛΗΣ  ΑΘΑΝΑΣΙΟΣ
Αθανάσιος Παφίλης 	ΑΘΑΝΑΣΙΟΣ ΠΑΦΙΛΗΣ 
Αθανάσιος Παφίλης 	ΠΑΦΙΛΗΣ ΑΘΑΝΑΣΙΟΣ
Πετράκος Αθανάσιος	 ΑΘΑΝΑΣΙΟΣ ΠΕΤΡΑΚΟΣ
Πετράκος Αθανάσιος	ΠΕΤΡΑΚΟΣ  ΑΘΑΝΑΣΙΟΣ
Πετράκος Αθανάσιος	ΠΕΤΡΑΚΟΣ ΑΘΑΝΑΣΙΟΣ
Πετράκος Αθανάσιος	ΑΘΑΝΑΣΙΟΣ ΠΕΤΡΑΚΟΣ
Πιπιλή Φωτεινή	 ΦΩΤΕΙΝΗ ΠΙΠΙΛΗ
Πιπιλή Φωτεινή	ΠΙΠΙΛΗ  ΦΩΤΕΙΝΗ
Πιπιλή Φωτεινή	ΠΙΠΙΛΗ ΦΩΤΕΙΝΗ
Πιπιλή Φωτεινή	ΦΩΤΕΙΝΗ ΠΙΠΙΛΗ
Πλακιωτάκης Ιωάννης	 ΙΩΑΝΝΗΣ ΠΛΑΚΙΩΤΑΚΗΣ
Πλακιωτάκης Ιωάννης	ΠΛΑΚΙΩΤΑΚΗΣ  ΙΩΑΝΝΗΣ
Πλακιωτάκης Ιωάννης	ΠΛΑΚΙΩΤΑΚΗΣ ΙΩΑΝΝΗΣ
Πλακιωτάκης Ιωάννης	ΙΩΑΝΝΗΣ ΠΛΑΚΙΩΤΑΚΗΣ
Πολύδωρας Βύρων	 ΒΥΡΩΝ ΠΟΛΥΔΩΡΑΣ
Πολύδωρας Βύρων	ΠΟΛΥΔΩΡΑΣ  ΒΥΡΩΝ
Πολύδωρας Βύρων	ΠΟΛΥΔΩΡΑΣ ΒΥΡΩΝ
Πολύδωρας Βύρων	ΒΥΡΩΝ ΠΟΛΥΔΩΡΑΣ
Ράπτη Ελένη	 ΕΛΕΝΗ ΡΑΠΤΗ
Ράπτη Ελένη	ΡΑΠΤΗ  ΕΛΕΝΗ
Ράπτη Ελένη	ΡΑΠΤΗ ΕΛΕΝΗ
Ράπτη Ελένη	ΕΛΕΝΗ ΡΑΠΤΗ
Ρεπούση Μαρία	 ΜΑΡΙΑ ΡΕΠΟΥΣΗ
Ρεπούση Μαρία	ΡΕΠΟΥΣΗ  ΜΑΡΙΑ
Ρεπούση Μαρία	ΡΕΠΟΥΣΗ ΜΑΡΙΑ
Ρεπούση Μαρία	ΜΑΡΙΑ ΡΕΠΟΥΣΗ
Ρήγας Παναγιώτης	 ΠΑΝΑΓΙΩΤΗΣ ΡΗΓΑΣ
Ρήγας Παναγιώτης	ΡΗΓΑΣ  ΠΑΝΑΓΙΩΤΗΣ
Ρήγας Παναγιώτης	ΡΗΓΑΣ ΠΑΝΑΓΙΩΤΗΣ
Ρήγας Παναγιώτης	ΠΑΝΑΓΙΩΤΗΣ ΡΗΓΑΣ
Σοφία Σακοράφα	 ΣΟΦΙΑ ΣΑΚΟΡΑΦΑ
Σοφία Σακοράφα	ΣΑΚΟΡΑΦΑ  ΣΟΦΙΑ
Σοφία Σακοράφα	ΣΟΦΙΑ ΣΑΚΟΡΑΦΑ
Σοφία Σακοράφα	ΣΑΚΟΡΑΦΑ ΣΟΦΙΑ
Σαλμάς Μάριος	 ΜΑΡΙΟΣ ΣΑΛΜΑΣ
Σαλμάς Μάριος	ΣΑΛΜΑΣ  ΜΑΡΙΟΣ
Σαλμάς Μάριος	ΣΑΛΜΑΣ ΜΑΡΙΟΣ
Σαλμάς Μάριος	ΜΑΡΙΟΣ ΣΑΛΜΑΣ
Σαλτούρος Δημήτριος	 ΔΗΜΗΤΡΙΟΣ ΣΑΛΤΟΥΡΟΣ
Σαλτούρος Δημήτριος	ΣΑΛΤΟΥΡΟΣ  ΔΗΜΗΤΡΙΟΣ
Σαλτούρος Δημήτριος	ΣΑΛΤΟΥΡΟΣ ΔΗΜΗΤΡΙΟΣ
Σαλτούρος Δημήτριος	ΔΗΜΗΤΡΙΟΣ ΣΑΛΤΟΥΡΟΣ
Σαμαράς Αντώνιος	 ΑΝΤΩΝΙΟΣ ΣΑΜΑΡΑΣ
Σαμαράς Αντώνιος	ΣΑΜΑΡΑΣ  ΑΝΤΩΝΙΟΣ
Σαμαράς Αντώνιος	ΣΑΜΑΡΑΣ ΑΝΤΩΝΙΟΣ
Σαμαράς Αντώνιος	ΑΝΤΩΝΙΟΣ ΣΑΜΑΡΑΣ
Σαμοΐλης -	 ΣΤΕΦΑΝΟΣ ΣΑΜΟΙΛΗΣ
Σαμοΐλης -	ΣΑΜΟΙΛΗΣ  ΣΤΕΦΑΝΟΣ
Σαμοΐλης -	ΣΑΜΟΪ́ΛΗΣ -
Σαμοΐλης -	- ΣΑΜΟΪ́ΛΗΣ
Σαμπαζιώτης Δημήτρης	 ΔΗΜΗΤΡΙΟΣ ΣΑΜΠΑΖΙΩΤΗΣ
Σαμπαζιώτης Δημήτρης	ΣΑΜΠΑΖΙΩΤΗΣ  ΔΗΜΗΤΡΙΟΣ
Σαμπαζιώτης Δημήτρης	ΣΑΜΠΑΖΙΩΤΗΣ ΔΗΜΗΤΡΗΣ
Σαμπαζιώτης Δημήτρης	ΔΗΜΗΤΡΗΣ ΣΑΜΠΑΖΙΩΤΗΣ
Σαχινίδης Φίλιππος	 ΦΙΛΙΠΠΟΣ ΣΑΧΙΝΙΔΗΣ
Σαχινίδης Φίλιππος	ΣΑΧΙΝΙΔΗΣ  ΦΙΛΙΠΠΟΣ
Σαχινίδης Φίλιππος	ΣΑΧΙΝΙΔΗΣ ΦΙΛΙΠΠΟΣ
Σαχινίδης Φίλιππος	ΦΙΛΙΠΠΟΣ ΣΑΧΙΝΙΔΗΣ
Σενετάκης Μάξιμος	 ΜΑΞΙΜΟΣ ΣΕΝΕΤΑΚΗΣ
Σενετάκης Μάξιμος	ΣΕΝΕΤΑΚΗΣ  ΜΑΞΙΜΟΣ
Σενετάκης Μάξιμος	ΣΕΝΕΤΑΚΗΣ ΜΑΞΙΜΟΣ
Σενετάκης Μάξιμος	ΜΑΞΙΜΟΣ ΣΕΝΕΤΑΚΗΣ
Σηφουνάκης Νικόλαος	 ΝΙΚΟΛΑΟΣ ΣΗΦΟΥΝΑΚΗΣ
Σηφουνάκης Νικόλαος	ΣΗΦΟΥΝΑΚΗΣ  ΝΙΚΟΛΑΟΣ
Σηφουνάκης Νικόλαος	ΣΗΦΟΥΝΑΚΗΣ ΝΙΚΟΛΑΟΣ
Σηφουνάκης Νικόλαος	ΝΙΚΟΛΑΟΣ ΣΗΦΟΥΝΑΚΗΣ
Σκανδαλίδης Κωνσταντίνος	 ΚΩΝΣΤΑΝΤΙΝΟΣ ΣΚΑΝΔΑΛΙΔΗΣ
Σκανδαλίδης Κωνσταντίνος	ΣΚΑΝΔΑΛΙΔΗΣ  ΚΩΝΣΤΑΝΤΙΝΟΣ
Σκανδαλίδης Κωνσταντίνος	ΣΚΑΝΔΑΛΙΔΗΣ ΚΩΝΣΤΑΝΤΙΝΟΣ
Σκανδαλίδης Κωνσταντίνος	ΚΩΝΣΤΑΝΤΙΝΟΣ ΣΚΑΝΔΑΛΙΔΗΣ
Σκόνδρα Ασημίνα	 ΑΣΗΜΙΝΑ ΣΚΟΝΔΡΑ
Σκόνδρα Ασημίνα	ΣΚΟΝΔΡΑ  ΑΣΗΜΙΝΑ
Σκόνδρα Ασημίνα	ΣΚΟΝΔΡΑ ΑΣΗΜΙΝΑ
Σκόνδρα Ασημίνα	ΑΣΗΜΙΝΑ ΣΚΟΝΔΡΑ
Σκρέκας Κωνσταντίνος	 ΚΩΝΣΤΑΝΤΙΝΟΣ ΣΚΡΕΚΑΣ
Σκρέκας Κωνσταντίνος	ΣΚΡΕΚΑΣ  ΚΩΝΣΤΑΝΤΙΝΟΣ
Σκρέκας Κωνσταντίνος	ΣΚΡΕΚΑΣ ΚΩΝΣΤΑΝΤΙΝΟΣ
Σκρέκας Κωνσταντίνος	ΚΩΝΣΤΑΝΤΙΝΟΣ ΣΚΡΕΚΑΣ
Σολδάτος Θεόδωρος	 ΘΕΟΔΩΡΟΣ ΣΟΛΔΑΤΟΣ
Σολδάτος Θεόδωρος	ΣΟΛΔΑΤΟΣ  ΘΕΟΔΩΡΟΣ
Σολδάτος Θεόδωρος	ΣΟΛΔΑΤΟΣ ΘΕΟΔΩΡΟΣ
Σολδάτος Θεόδωρος	ΘΕΟΔΩΡΟΣ ΣΟΛΔΑΤΟΣ
Αριστόβουλος Σπηλιωτόπουλος 	 ΑΡΙΣΤΟΒΟΥΛΟΣ ΣΠΗΛΙΩΤΟΠΟΥΛΟΣ
Αριστόβουλος Σπηλιωτόπουλος 	ΣΠΗΛΙΩΤΟΠΟΥΛΟΣ  ΑΡΙΣΤΟΒΟΥΛΟΣ
Αριστόβουλος Σπηλιωτόπουλος 	ΑΡΙΣΤΟΒΟΥΛΟΣ ΣΠΗΛΙΩΤΟΠΟΥΛΟΣ 
Αριστόβουλος Σπηλιωτόπουλος 	ΣΠΗΛΙΩΤΟΠΟΥΛΟΣ ΑΡΙΣΤΟΒΟΥΛΟΣ
Σταθάκης Γεώργιος	 ΓΕΩΡΓΙΟΣ ΣΤΑΘΑΚΗΣ
Σταθάκης Γεώργιος	ΣΤΑΘΑΚΗΣ  ΓΕΩΡΓΙΟΣ
Σταθάκης Γεώργιος	ΣΤΑΘΑΚΗΣ ΓΕΩΡΓΙΟΣ
Σταθάκης Γεώργιος	ΓΕΩΡΓΙΟΣ ΣΤΑΘΑΚΗΣ
Σταθάς Ιωάννης	 ΙΩΑΝΝΗΣ ΣΤΑΘΑΣ
Σταθάς Ιωάννης	ΣΤΑΘΑΣ  ΙΩΑΝΝΗΣ
Σταθάς Ιωάννης	ΣΤΑΘΑΣ ΙΩΑΝΝΗΣ
Σταθάς Ιωάννης	ΙΩΑΝΝΗΣ ΣΤΑΘΑΣ
Σταϊκούρας Χρήστος	 ΧΡΗΣΤΟΣ ΣΤΑΙΚΟΥΡΑΣ
Σταϊκούρας Χρήστος	ΣΤΑΙΚΟΥΡΑΣ  ΧΡΗΣΤΟΣ
Σταϊκούρας Χρήστος	ΣΤΑΪΚΟΥΡΑΣ ΧΡΗΣΤΟΣ
Σταϊκούρας Χρήστος	ΧΡΗΣΤΟΣ ΣΤΑΪΚΟΥΡΑΣ
Σταμενίτης Διονύσιος	 ΔΙΟΝΥΣΙΟΣ ΣΤΑΜΕΝΙΤΗΣ
Σταμενίτης Διονύσιος	ΣΤΑΜΕΝΙΤΗΣ  ΔΙΟΝΥΣΙΟΣ
Σταμενίτης Διονύσιος	ΣΤΑΜΕΝΙΤΗΣ ΔΙΟΝΥΣΙΟΣ
Σταμενίτης Διονύσιος	ΔΙΟΝΥΣΙΟΣ ΣΤΑΜΕΝΙΤΗΣ
Σταμπουλή Αφροδίτη	 ΑΦΡΟΔΙΤΗ ΣΤΑΜΠΟΥΛΗ
Σταμπουλή Αφροδίτη	ΣΤΑΜΠΟΥΛΗ  ΑΦΡΟΔΙΤΗ
Σταμπουλή Αφροδίτη	ΣΤΑΜΠΟΥΛΗ ΑΦΡΟΔΙΤΗ
Σταμπουλή Αφροδίτη	ΑΦΡΟΔΙΤΗ ΣΤΑΜΠΟΥΛΗ
Σταυρινούδη Σόδη	ΜΑΡΊΑ  ΣΤΑΥΡΙΝΟΎΔΗ-ΣΌΔΗ
Σταυρινούδη Σόδη	ΣΤΑΥΡΙΝΟΎΔΗ-ΣΌΔΗ ΜΑΡΊΑ 
Σταυρινούδη Σόδη	ΣΤΑΥΡΙΝΟΥΔΗ ΣΟΔΗ
Σταυρινούδη Σόδη	ΣΟΔΗ ΣΤΑΥΡΙΝΟΥΔΗ
Στρατούλης Δημήτριος	 ΔΗΜΗΤΡΙΟΣ ΣΤΡΑΤΟΥΛΗΣ
Στρατούλης Δημήτριος	ΣΤΡΑΤΟΥΛΗΣ  ΔΗΜΗΤΡΙΟΣ
Στρατούλης Δημήτριος	ΣΤΡΑΤΟΥΛΗΣ ΔΗΜΗΤΡΙΟΣ
Στρατούλης Δημήτριος	ΔΗΜΗΤΡΙΟΣ ΣΤΡΑΤΟΥΛΗΣ
Στυλιανίδης Ευριπίδης	 ΕΥΡΙΠΙΔΗΣ ΣΤΥΛΙΑΝΙΔΗΣ
Στυλιανίδης Ευριπίδης	ΣΤΥΛΙΑΝΙΔΗΣ  ΕΥΡΙΠΙΔΗΣ
Στυλιανίδης Ευριπίδης	ΣΤΥΛΙΑΝΙΔΗΣ ΕΥΡΙΠΙΔΗΣ
Στυλιανίδης Ευριπίδης	ΕΥΡΙΠΙΔΗΣ ΣΤΥΛΙΑΝΙΔΗΣ
Στύλιος Γεώργιος	 ΓΕΩΡΓΙΟΣ ΣΤΥΛΙΟΣ
Στύλιος Γεώργιος	ΣΤΥΛΙΟΣ  ΓΕΩΡΓΙΟΣ
Στύλιος Γεώργιος	ΣΤΥΛΙΟΣ ΓΕΩΡΓΙΟΣ
Στύλιος Γεώργιος	ΓΕΩΡΓΙΟΣ ΣΤΥΛΙΟΣ
Συρμαλένιος Νικόλαος	 ΝΙΚΟΛΑΟΣ ΣΥΡΜΑΛΕΝΙΟΣ
Συρμαλένιος Νικόλαος	ΣΥΡΜΑΛΕΝΙΟΣ  ΝΙΚΟΛΑΟΣ
Συρμαλένιος Νικόλαος	ΣΥΡΜΑΛΕΝΙΟΣ ΝΙΚΟΛΑΟΣ
Συρμαλένιος Νικόλαος	ΝΙΚΟΛΑΟΣ ΣΥΡΜΑΛΕΝΙΟΣ
Ταγαράς Νικόλαος	 ΝΙΚΟΛΑΟΣ ΤΑΓΑΡΑΣ
Ταγαράς Νικόλαος	ΤΑΓΑΡΑΣ  ΝΙΚΟΛΑΟΣ
Ταγαράς Νικόλαος	ΤΑΓΑΡΑΣ ΝΙΚΟΛΑΟΣ
Ταγαράς Νικόλαος	ΝΙΚΟΛΑΟΣ ΤΑΓΑΡΑΣ
Ταλιαδούρος Σπυρίδων	 ΣΠΥΡΙΔΩΝ ΤΑΛΙΑΔΟΥΡΟΣ
Ταλιαδούρος Σπυρίδων	ΤΑΛΙΑΔΟΥΡΟΣ  ΣΠΥΡΙΔΩΝ
Ταλιαδούρος Σπυρίδων	ΤΑΛΙΑΔΟΥΡΟΣ ΣΠΥΡΙΔΩΝ
Ταλιαδούρος Σπυρίδων	ΣΠΥΡΙΔΩΝ ΤΑΛΙΑΔΟΥΡΟΣ
Ταμήλος Μιχαήλ	 ΜΙΧΑΗΛ ΤΑΜΗΛΟΣ
Ταμήλος Μιχαήλ	ΤΑΜΗΛΟΣ  ΜΙΧΑΗΛ
Ταμήλος Μιχαήλ	ΤΑΜΗΛΟΣ ΜΙΧΑΗΛ
Ταμήλος Μιχαήλ	ΜΙΧΑΗΛ ΤΑΜΗΛΟΣ
Τασούλας Κωνσταντίνος	 ΚΩΝΣΤΑΝΤΙΝΟΣ ΤΑΣΟΥΛΑΣ
Τασούλας Κωνσταντίνος	ΤΑΣΟΥΛΑΣ  ΚΩΝΣΤΑΝΤΙΝΟΣ
Τασούλας Κωνσταντίνος	ΤΑΣΟΥΛΑΣ ΚΩΝΣΤΑΝΤΙΝΟΣ
Τασούλας Κωνσταντίνος	ΚΩΝΣΤΑΝΤΙΝΟΣ ΤΑΣΟΥΛΑΣ
Τατσόπουλος Πέτρος	 ΠΕΤΡΟΣ-ΓΕΩΡΓΙΟΣ ΤΑΤΣΟΠΟΥΛΟΣ
Τατσόπουλος Πέτρος	ΤΑΤΣΟΠΟΥΛΟΣ  ΠΕΤΡΟΣ-ΓΕΩΡΓΙΟΣ
Τατσόπουλος Πέτρος	ΤΑΤΣΟΠΟΥΛΟΣ ΠΕΤΡΟΣ
Τατσόπουλος Πέτρος	ΠΕΤΡΟΣ ΤΑΤΣΟΠΟΥΛΟΣ
Τζαβάρας Κωνσταντίνος	 ΚΩΝΣΤΑΝΤΙΝΟΣ ΤΖΑΒΑΡΑΣ
Τζαβάρας Κωνσταντίνος	ΤΖΑΒΑΡΑΣ  ΚΩΝΣΤΑΝΤΙΝΟΣ
Τζαβάρας Κωνσταντίνος	ΤΖΑΒΑΡΑΣ ΚΩΝΣΤΑΝΤΙΝΟΣ
Τζαβάρας Κωνσταντίνος	ΚΩΝΣΤΑΝΤΙΝΟΣ ΤΖΑΒΑΡΑΣ
Τζάκρη Θεοδώρα	 ΘΕΟΔΩΡΑ ΤΖΑΚΡΗ
Τζάκρη Θεοδώρα	ΤΖΑΚΡΗ  ΘΕΟΔΩΡΑ
Τζάκρη Θεοδώρα	ΤΖΑΚΡΗ ΘΕΟΔΩΡΑ
Τζάκρη Θεοδώρα	ΘΕΟΔΩΡΑ ΤΖΑΚΡΗ
Τζαμτζής Ιορδάνης	 ΙΟΡΔΑΝΗΣ ΤΖΑΜΤΖΗΣ
Τζαμτζής Ιορδάνης	ΤΖΑΜΤΖΗΣ  ΙΟΡΔΑΝΗΣ
Τζαμτζής Ιορδάνης	ΤΖΑΜΤΖΗΣ ΙΟΡΔΑΝΗΣ
Τζαμτζής Ιορδάνης	ΙΟΡΔΑΝΗΣ ΤΖΑΜΤΖΗΣ
Τραγάκης Ιωάννης	 ΙΩΑΝΝΗΣ ΤΡΑΓΑΚΗΣ
Τραγάκης Ιωάννης	ΤΡΑΓΑΚΗΣ  ΙΩΑΝΝΗΣ
Τραγάκης Ιωάννης	ΤΡΑΓΑΚΗΣ ΙΩΑΝΝΗΣ
Τραγάκης Ιωάννης	ΙΩΑΝΝΗΣ ΤΡΑΓΑΚΗΣ
Τριαντάφυλλος Κωνσταντίνος	 ΚΩΝΣΤΑΝΤΙΝΟΣ ΤΡΙΑΝΤΑΦΥΛΛΟΣ
Τριαντάφυλλος Κωνσταντίνος	ΤΡΙΑΝΤΑΦΥΛΛΟΣ  ΚΩΝΣΤΑΝΤΙΝΟΣ
Τριαντάφυλλος Κωνσταντίνος	ΤΡΙΑΝΤΑΦΥΛΛΟΣ ΚΩΝΣΤΑΝΤΙΝΟΣ
Τριαντάφυλλος Κωνσταντίνος	ΚΩΝΣΤΑΝΤΙΝΟΣ ΤΡΙΑΝΤΑΦΥΛΛΟΣ
Τριανταφύλλου Μαρία	 ΜΑΡΙΑ ΤΡΙΑΝΤΑΦΥΛΛΟΥ
Τριανταφύλλου Μαρία	ΤΡΙΑΝΤΑΦΥΛΛΟΥ  ΜΑΡΙΑ
Τριανταφύλλου Μαρία	ΤΡΙΑΝΤΑΦΥΛΛΟΥ ΜΑΡΙΑ
Τριανταφύλλου Μαρία	ΜΑΡΙΑ ΤΡΙΑΝΤΑΦΥΛΛΟΥ
Τσαβδαρίδης Λάζαρος	 ΛΑΖΑΡΟΣ ΤΣΑΒΔΑΡΊΔΗΣ
Τσαβδαρίδης Λάζαρος	ΤΣΑΒΔΑΡΊΔΗΣ  ΛΑΖΑΡΟΣ
Τσαβδαρίδης Λάζαρος	ΤΣΑΒΔΑΡΙΔΗΣ ΛΑΖΑΡΟΣ
Τσαβδαρίδης Λάζαρος	ΛΑΖΑΡΟΣ ΤΣΑΒΔΑΡΙΔΗΣ
Τσακαλώτος Ευκλείδης	 ΕΥΚΛΕΙΔΗΣ ΤΣΑΚΑΛΩΤΟΣ
Τσακαλώτος Ευκλείδης	ΤΣΑΚΑΛΩΤΟΣ  ΕΥΚΛΕΙΔΗΣ
Τσακαλώτος Ευκλείδης	ΤΣΑΚΑΛΩΤΟΣ ΕΥΚΛΕΙΔΗΣ
Τσακαλώτος Ευκλείδης	ΕΥΚΛΕΙΔΗΣ ΤΣΑΚΑΛΩΤΟΣ
Τσιάρας Κωνσταντίνος	 ΚΩΝΣΤΑΝΤΙΝΟΣ ΤΣΙΑΡΑΣ
Τσιάρας Κωνσταντίνος	ΤΣΙΑΡΑΣ  ΚΩΝΣΤΑΝΤΙΝΟΣ
Τσιάρας Κωνσταντίνος	ΤΣΙΑΡΑΣ ΚΩΝΣΤΑΝΤΙΝΟΣ
Τσιάρας Κωνσταντίνος	ΚΩΝΣΤΑΝΤΙΝΟΣ ΤΣΙΑΡΑΣ
Τσίπρας Αλέξιος	 ΑΛΕΞΙΟΣ ΤΣΙΠΡΑΣ
Τσίπρας Αλέξιος	ΤΣΙΠΡΑΣ  ΑΛΕΞΙΟΣ
Τσίπρας Αλέξιος	ΤΣΙΠΡΑΣ ΑΛΕΞΙΟΣ
Τσίπρας Αλέξιος	ΑΛΕΞΙΟΣ ΤΣΙΠΡΑΣ
Τσουκαλάς Δημήτριος	 ΔΗΜΗΤΡΙΟΣ ΤΣΟΥΚΑΛΑΣ
Τσουκαλάς Δημήτριος	ΤΣΟΥΚΑΛΑΣ  ΔΗΜΗΤΡΙΟΣ
Τσουκαλάς Δημήτριος	ΤΣΟΥΚΑΛΑΣ ΔΗΜΗΤΡΙΟΣ
Τσουκαλάς Δημήτριος	ΔΗΜΗΤΡΙΟΣ ΤΣΟΥΚΑΛΑΣ
Τσούκαλης Νικόλαος	 ΝΙΚΟΛΑΟΣ ΤΣΟΥΚΑΛΗΣ
Τσούκαλης Νικόλαος	ΤΣΟΥΚΑΛΗΣ  ΝΙΚΟΛΑΟΣ
Τσούκαλης Νικόλαος	ΤΣΟΥΚΑΛΗΣ ΝΙΚΟΛΑΟΣ
Τσούκαλης Νικόλαος	ΝΙΚΟΛΑΟΣ ΤΣΟΥΚΑΛΗΣ
Τσουμάνης Δημήτριος	 ΔΗΜΗΤΡΙΟΣ ΤΣΟΥΜΑΝΗΣ
Τσουμάνης Δημήτριος	ΤΣΟΥΜΑΝΗΣ  ΔΗΜΗΤΡΙΟΣ
Τσουμάνης Δημήτριος	ΤΣΟΥΜΑΝΗΣ ΔΗΜΗΤΡΙΟΣ
Τσουμάνης Δημήτριος	ΔΗΜΗΤΡΙΟΣ ΤΣΟΥΜΑΝΗΣ
Υψηλάντης Βασίλειος	 ΒΑΣΙΛΕΙΟΣ-ΝΙΚΟΛΑΟΣ ΥΨΗΛΑΝΤΗΣ
Υψηλάντης Βασίλειος	ΥΨΗΛΑΝΤΗΣ  ΒΑΣΙΛΕΙΟΣ-ΝΙΚΟΛΑΟΣ
Υψηλάντης Βασίλειος	ΥΨΗΛΑΝΤΗΣ ΒΑΣΙΛΕΙΟΣ
Υψηλάντης Βασίλειος	ΒΑΣΙΛΕΙΟΣ ΥΨΗΛΑΝΤΗΣ
Φούντα Νίκη	 ΝΙΚΗ ΦΟΥΝΤΑ
Φούντα Νίκη	ΦΟΥΝΤΑ  ΝΙΚΗ
Φούντα Νίκη	ΦΟΥΝΤΑ ΝΙΚΗ
Φούντα Νίκη	ΝΙΚΗ ΦΟΥΝΤΑ
Φωτίου Θεανώ	 ΘΕΑΝΩ ΦΩΤΙΟΥ
Φωτίου Θεανώ	ΦΩΤΙΟΥ  ΘΕΑΝΩ
Φωτίου Θεανώ	ΦΩΤΙΟΥ ΘΕΑΝΩ
Φωτίου Θεανώ	ΘΕΑΝΩ ΦΩΤΙΟΥ
Χαϊκάλης Παύλος	 ΠΑΥΛΟΣ ΧΑΙΚΑΛΗΣ
Χαϊκάλης Παύλος	ΧΑΙΚΑΛΗΣ  ΠΑΥΛΟΣ
Χαϊκάλης Παύλος	ΧΑΪΚΑΛΗΣ ΠΑΥΛΟΣ
Χαϊκάλης Παύλος	ΠΑΥΛΟΣ ΧΑΪΚΑΛΗΣ
Χαλβατζής Σπυρίδων	 ΣΠΥΡΙΔΩΝ ΧΑΛΒΑΤΖΗΣ
Χαλβατζής Σπυρίδων	ΧΑΛΒΑΤΖΗΣ  ΣΠΥΡΙΔΩΝ
Χαλβατζής Σπυρίδων	ΧΑΛΒΑΤΖΗΣ ΣΠΥΡΙΔΩΝ
Χαλβατζής Σπυρίδων	ΣΠΥΡΙΔΩΝ ΧΑΛΒΑΤΖΗΣ
Χαρακόπουλος Μάξιμος	 ΜΑΞΙΜΟΣ ΧΑΡΑΚΟΠΟΥΛΟΣ
Χαρακόπουλος Μάξιμος	ΧΑΡΑΚΟΠΟΥΛΟΣ  ΜΑΞΙΜΟΣ
Χαρακόπουλος Μάξιμος	ΧΑΡΑΚΟΠΟΥΛΟΣ ΜΑΞΙΜΟΣ
Χαρακόπουλος Μάξιμος	ΜΑΞΙΜΟΣ ΧΑΡΑΚΟΠΟΥΛΟΣ
Χαραλαμπίδου Δέσποινα	 ΔΕΣΠΟΙΝΑ ΧΑΡΑΛΑΜΠΙΔΟΥ
Χαραλαμπίδου Δέσποινα	ΧΑΡΑΛΑΜΠΙΔΟΥ  ΔΕΣΠΟΙΝΑ
Χαραλαμπίδου Δέσποινα	ΧΑΡΑΛΑΜΠΙΔΟΥ ΔΕΣΠΟΙΝΑ
Χαραλαμπίδου Δέσποινα	ΔΕΣΠΟΙΝΑ ΧΑΡΑΛΑΜΠΙΔΟΥ
Χατζή Ραήφ	 ΑΧΜΕΤ ΧΑΤΖΗ ΟΣΜΑΝ
Χατζή Ραήφ	ΧΑΤΖΗ ΟΣΜΑΝ  ΑΧΜΕΤ
Χατζή Ραήφ	ΧΑΤΖΗ ΡΑΗΦ
Χατζή Ραήφ	ΡΑΗΦ ΧΑΤΖΗ
Χατζηδάκης Κωνσταντίνος	 ΚΩΝΣΤΑΝΤΙΝΟΣ ΧΑΤΖΗΔΑΚΗΣ
Χατζηδάκης Κωνσταντίνος	ΧΑΤΖΗΔΑΚΗΣ  ΚΩΝΣΤΑΝΤΙΝΟΣ
Χατζηδάκης Κωνσταντίνος	ΧΑΤΖΗΔΑΚΗΣ ΚΩΝΣΤΑΝΤΙΝΟΣ
Χατζηδάκης Κωνσταντίνος	ΚΩΝΣΤΑΝΤΙΝΟΣ ΧΑΤΖΗΔΑΚΗΣ
Χατζηλάμπρου Βασίλειος	 ΒΑΣΙΛΕΙΟΣ ΧΑΤΖΗΛΑΜΠΡΟΥ
Χατζηλάμπρου Βασίλειος	ΧΑΤΖΗΛΑΜΠΡΟΥ  ΒΑΣΙΛΕΙΟΣ
Χατζηλάμπρου Βασίλειος	ΧΑΤΖΗΛΑΜΠΡΟΥ ΒΑΣΙΛΕΙΟΣ
Χατζηλάμπρου Βασίλειος	ΒΑΣΙΛΕΙΟΣ ΧΑΤΖΗΛΑΜΠΡΟΥ
Χριστογιάννης Δημήτριος	 ΔΗΜΗΤΡΙΟΣ ΧΡΙΣΤΟΓΙΑΝΝΗΣ
Χριστογιάννης Δημήτριος	ΧΡΙΣΤΟΓΙΑΝΝΗΣ  ΔΗΜΗΤΡΙΟΣ
Χριστογιάννης Δημήτριος	ΧΡΙΣΤΟΓΙΑΝΝΗΣ ΔΗΜΗΤΡΙΟΣ
Χριστογιάννης Δημήτριος	ΔΗΜΗΤΡΙΟΣ ΧΡΙΣΤΟΓΙΑΝΝΗΣ
Χριστογιάννης Δημήτριος	 ΠΑΡΑΣΚΕΥΗ ΧΡΙΣΤΟΦΙΛΟΠΟΥΛΟΥ
Χριστογιάννης Δημήτριος	ΧΡΙΣΤΟΦΙΛΟΠΟΥΛΟΥ  ΠΑΡΑΣΚΕΥΗ
Χριστογιάννης Δημήτριος	ΧΡΙΣΤΟΓΙΑΝΝΗΣ ΔΗΜΗΤΡΙΟΣ
Χριστογιάννης Δημήτριος	ΔΗΜΗΤΡΙΟΣ ΧΡΙΣΤΟΓΙΑΝΝΗΣ
Μαρίνα Χρυσοβελώνη	 ΜΑΡΙΝΑ ΧΡΥΣΟΒΕΛΩΝΗ
Μαρίνα Χρυσοβελώνη	ΧΡΥΣΟΒΕΛΩΝΗ  ΜΑΡΙΝΑ
Μαρίνα Χρυσοβελώνη	ΜΑΡΙΝΑ ΧΡΥΣΟΒΕΛΩΝΗ
Μαρίνα Χρυσοβελώνη	ΧΡΥΣΟΒΕΛΩΝΗ ΜΑΡΙΝΑ
Χρυσοχοΐδης Μιχαήλ	 ΜΙΧΑΗΛ ΧΡΥΣΟΧΟΙΔΗΣ
Χρυσοχοΐδης Μιχαήλ	ΧΡΥΣΟΧΟΙΔΗΣ  ΜΙΧΑΗΛ
Χρυσοχοΐδης Μιχαήλ	ΧΡΥΣΟΧΟΪ́ΔΗΣ ΜΙΧΑΗΛ
Χρυσοχοΐδης Μιχαήλ	ΜΙΧΑΗΛ ΧΡΥΣΟΧΟΪ́ΔΗΣ
Ψαριανός Γρηγόριος	 ΓΡΗΓΟΡΙΟΣ ΨΑΡΙΑΝΟΣ
Ψαριανός Γρηγόριος	ΨΑΡΙΑΝΟΣ  ΓΡΗΓΟΡΙΟΣ
Ψαριανός Γρηγόριος	ΨΑΡΙΑΝΟΣ ΓΡΗΓΟΡΙΟΣ
Ψαριανός Γρηγόριος	ΓΡΗΓΟΡΙΟΣ ΨΑΡΙΑΝΟΣ
Ψύρρας Θωμάς	 ΘΩΜΑΣ ΨΥΡΡΑΣ
Ψύρρας Θωμάς	ΨΥΡΡΑΣ  ΘΩΜΑΣ
Ψύρρας Θωμάς	ΨΥΡΡΑΣ ΘΩΜΑΣ
Ψύρρας Θωμάς	ΘΩΜΑΣ ΨΥΡΡΑΣ